--REM INSERTING into MTOBJ.CONFIGURACION
--SET DEFINE OFF;
Insert into MTOBJ.CONFIGURACION (LLAVE,VALOR) values ('CORREO_VUCE','pcsijomo@upc.edu.pe');
--REM INSERTING into MTOBJ.ENTIDAD
--SET DEFINE OFF;
Insert into MTOBJ.ENTIDAD (ID_ENTIDAD,ENTIDAD,NOMBRE_ENTIDAD,CORREO_SOPORTE,SLA_DISPONIBILIDAD_TRANSACCION,SLA_CONFIRMACION_TRANSACCION,SLA_PROCESAMIENTO_NOTIFICACION,SLA_FRECUENCIA_LECTURA,SLA_FRECUENCIA_LECTURA_PM) values ('75','APN','AUTORIDAD PORTUARIA NACIONAL','jmorenomolina@gmail.com','400','11','500','11','28880');
Insert into MTOBJ.ENTIDAD (ID_ENTIDAD,ENTIDAD,NOMBRE_ENTIDAD,CORREO_SOPORTE,SLA_DISPONIBILIDAD_TRANSACCION,SLA_CONFIRMACION_TRANSACCION,SLA_PROCESAMIENTO_NOTIFICACION,SLA_FRECUENCIA_LECTURA,SLA_FRECUENCIA_LECTURA_PM) values ('70','SENASA','SERVICIO NACIONAL DE SANIDAD AGRARIA','jmorenomolina@gmail.com','4','66','12','745','4667');
Insert into MTOBJ.ENTIDAD (ID_ENTIDAD,ENTIDAD,NOMBRE_ENTIDAD,CORREO_SOPORTE,SLA_DISPONIBILIDAD_TRANSACCION,SLA_CONFIRMACION_TRANSACCION,SLA_PROCESAMIENTO_NOTIFICACION,SLA_FRECUENCIA_LECTURA,SLA_FRECUENCIA_LECTURA_PM) values ('71','DIGEMID','SERVICIO DE ...','jmorenomolina@gmail.com','1','1','5','2','1');
Insert into MTOBJ.ENTIDAD (ID_ENTIDAD,ENTIDAD,NOMBRE_ENTIDAD,CORREO_SOPORTE,SLA_DISPONIBILIDAD_TRANSACCION,SLA_CONFIRMACION_TRANSACCION,SLA_PROCESAMIENTO_NOTIFICACION,SLA_FRECUENCIA_LECTURA,SLA_FRECUENCIA_LECTURA_PM) values ('72','DEMO','SERVICIO DE ...','jmorenomolina@gmail.com','5','1','5','1','604');
--REM INSERTING into MTOBJ.ENTIDADMANTENIMIENTO
--SET DEFINE OFF;
Insert into MTOBJ.ENTIDADMANTENIMIENTO (ID_ENTIDAD,FECHA_INICIO,FECHA_FIN,ID_ENTIDAD_MANTENIMIENTO) values ('75',to_date('09/08/18','DD/MM/RR'),to_date('09/08/18','DD/MM/RR'),'1');
Insert into MTOBJ.ENTIDADMANTENIMIENTO (ID_ENTIDAD,FECHA_INICIO,FECHA_FIN,ID_ENTIDAD_MANTENIMIENTO) values ('75',to_date('08/08/18','DD/MM/RR'),to_date('08/08/18','DD/MM/RR'),'2');
Insert into MTOBJ.ENTIDADMANTENIMIENTO (ID_ENTIDAD,FECHA_INICIO,FECHA_FIN,ID_ENTIDAD_MANTENIMIENTO) values ('70',to_date('08/08/18','DD/MM/RR'),to_date('08/08/18','DD/MM/RR'),'3');
Insert into MTOBJ.ENTIDADMANTENIMIENTO (ID_ENTIDAD,FECHA_INICIO,FECHA_FIN,ID_ENTIDAD_MANTENIMIENTO) values ('70',to_date('10/08/18','DD/MM/RR'),to_date('15/08/18','DD/MM/RR'),'4');
Insert into MTOBJ.ENTIDADMANTENIMIENTO (ID_ENTIDAD,FECHA_INICIO,FECHA_FIN,ID_ENTIDAD_MANTENIMIENTO) values ('75',to_date('09/08/18','DD/MM/RR'),to_date('09/08/18','DD/MM/RR'),'5');
Insert into MTOBJ.ENTIDADMANTENIMIENTO (ID_ENTIDAD,FECHA_INICIO,FECHA_FIN,ID_ENTIDAD_MANTENIMIENTO) values ('75',to_date('08/08/18','DD/MM/RR'),to_date('08/08/18','DD/MM/RR'),'6');
Insert into MTOBJ.ENTIDADMANTENIMIENTO (ID_ENTIDAD,FECHA_INICIO,FECHA_FIN,ID_ENTIDAD_MANTENIMIENTO) values ('70',to_date('08/08/18','DD/MM/RR'),to_date('08/08/18','DD/MM/RR'),'7');
Insert into MTOBJ.ENTIDADMANTENIMIENTO (ID_ENTIDAD,FECHA_INICIO,FECHA_FIN,ID_ENTIDAD_MANTENIMIENTO) values ('70',to_date('10/08/18','DD/MM/RR'),to_date('15/08/18','DD/MM/RR'),'8');
Insert into MTOBJ.ENTIDADMANTENIMIENTO (ID_ENTIDAD,FECHA_INICIO,FECHA_FIN,ID_ENTIDAD_MANTENIMIENTO) values ('71',to_date('19/08/18','DD/MM/RR'),to_date('20/08/18','DD/MM/RR'),'-40');
Insert into MTOBJ.ENTIDADMANTENIMIENTO (ID_ENTIDAD,FECHA_INICIO,FECHA_FIN,ID_ENTIDAD_MANTENIMIENTO) values ('71',to_date('19/08/18','DD/MM/RR'),to_date('30/08/18','DD/MM/RR'),'-39');
Insert into MTOBJ.ENTIDADMANTENIMIENTO (ID_ENTIDAD,FECHA_INICIO,FECHA_FIN,ID_ENTIDAD_MANTENIMIENTO) values ('70',to_date('30/08/18','DD/MM/RR'),to_date('30/08/18','DD/MM/RR'),'-38');
Insert into MTOBJ.ENTIDADMANTENIMIENTO (ID_ENTIDAD,FECHA_INICIO,FECHA_FIN,ID_ENTIDAD_MANTENIMIENTO) values ('72',to_date('19/08/18','DD/MM/RR'),to_date('19/08/18','DD/MM/RR'),'-37');
Insert into MTOBJ.ENTIDADMANTENIMIENTO (ID_ENTIDAD,FECHA_INICIO,FECHA_FIN,ID_ENTIDAD_MANTENIMIENTO) values ('75',to_date('22/08/18','DD/MM/RR'),to_date('30/08/18','DD/MM/RR'),'51');
--REM INSERTING into MTOBJ.PERIODO_MONITOREO
--SET DEFINE OFF;
Insert into MTOBJ.PERIODO_MONITOREO (HORA) values ('00');
Insert into MTOBJ.PERIODO_MONITOREO (HORA) values ('01');
Insert into MTOBJ.PERIODO_MONITOREO (HORA) values ('02');
Insert into MTOBJ.PERIODO_MONITOREO (HORA) values ('03');
Insert into MTOBJ.PERIODO_MONITOREO (HORA) values ('04');
Insert into MTOBJ.PERIODO_MONITOREO (HORA) values ('05');
Insert into MTOBJ.PERIODO_MONITOREO (HORA) values ('06');
Insert into MTOBJ.PERIODO_MONITOREO (HORA) values ('07');
Insert into MTOBJ.PERIODO_MONITOREO (HORA) values ('08');
Insert into MTOBJ.PERIODO_MONITOREO (HORA) values ('09');
Insert into MTOBJ.PERIODO_MONITOREO (HORA) values ('10');
Insert into MTOBJ.PERIODO_MONITOREO (HORA) values ('11');
Insert into MTOBJ.PERIODO_MONITOREO (HORA) values ('12');
Insert into MTOBJ.PERIODO_MONITOREO (HORA) values ('13');
Insert into MTOBJ.PERIODO_MONITOREO (HORA) values ('14');
Insert into MTOBJ.PERIODO_MONITOREO (HORA) values ('15');
Insert into MTOBJ.PERIODO_MONITOREO (HORA) values ('16');
Insert into MTOBJ.PERIODO_MONITOREO (HORA) values ('17');
Insert into MTOBJ.PERIODO_MONITOREO (HORA) values ('18');
Insert into MTOBJ.PERIODO_MONITOREO (HORA) values ('19');
Insert into MTOBJ.PERIODO_MONITOREO (HORA) values ('20');
Insert into MTOBJ.PERIODO_MONITOREO (HORA) values ('21');
Insert into MTOBJ.PERIODO_MONITOREO (HORA) values ('22');
Insert into MTOBJ.PERIODO_MONITOREO (HORA) values ('23');
Insert into MTOBJ.PERIODO_MONITOREO (HORA) values ('24');

--REM INSERTING into MTOBJ.TIPOMENSAJE
--SET DEFINE OFF;
Insert into MTOBJ.TIPOMENSAJE (CODIGO,DESCRIPCION) values ('N1','Registro de una Orden');
Insert into MTOBJ.TIPOMENSAJE (CODIGO,DESCRIPCION) values ('N2','Confirmación de Aceptación de una Orden (con o sin tasa)');
Insert into MTOBJ.TIPOMENSAJE (CODIGO,DESCRIPCION) values ('N4','Envío de CDA a Entidad');
Insert into MTOBJ.TIPOMENSAJE (CODIGO,DESCRIPCION) values ('N6','Notificación de pago de CDA a Entidad con numeración SUCE');
Insert into MTOBJ.TIPOMENSAJE (CODIGO,DESCRIPCION) values ('N7','Notificación de inicio de trámite, consignando número de Expediente');
Insert into MTOBJ.TIPOMENSAJE (CODIGO,DESCRIPCION) values ('N8','Notificación de resolución de aprobación de una SUCE, consignando Documento Resolutivo');
Insert into MTOBJ.TIPOMENSAJE (CODIGO,DESCRIPCION) values ('N9','Notificación de resolución de denegación de una SUCE');
Insert into MTOBJ.TIPOMENSAJE (CODIGO,DESCRIPCION) values ('N11','Notificación de subsanación de la Orden');
Insert into MTOBJ.TIPOMENSAJE (CODIGO,DESCRIPCION) values ('N14','Envío de Modificación Temporal de Orden (MTO) a la Entidad');
Insert into MTOBJ.TIPOMENSAJE (CODIGO,DESCRIPCION) values ('N15','Notificación de rechazo de la MTO');
Insert into MTOBJ.TIPOMENSAJE (CODIGO,DESCRIPCION) values ('N17','Notificación de subsanación de SUCE');
Insert into MTOBJ.TIPOMENSAJE (CODIGO,DESCRIPCION) values ('N18','Envío de Modificación de una SUCE');
Insert into MTOBJ.TIPOMENSAJE (CODIGO,DESCRIPCION) values ('N19','Rechazo de Modificación de una SUCE');
Insert into MTOBJ.TIPOMENSAJE (CODIGO,DESCRIPCION) values ('N20','Aceptación de Modificación de una SUCE');
Insert into MTOBJ.TIPOMENSAJE (CODIGO,DESCRIPCION) values ('N21','Aprobación de Modificación de ampliación de plazo');
Insert into MTOBJ.TIPOMENSAJE (CODIGO,DESCRIPCION) values ('N22','Aprobación de Modificación de una SUCE');
Insert into MTOBJ.TIPOMENSAJE (CODIGO,DESCRIPCION) values ('N23','Notificación de pago de CDA a Entidad por Modificación de la SUCE');
Insert into MTOBJ.TIPOMENSAJE (CODIGO,DESCRIPCION) values ('N24','Envío de Solicitud de Rectificación de un Documento Autorizante');
Insert into MTOBJ.TIPOMENSAJE (CODIGO,DESCRIPCION) values ('N25','Aprobación de Solicitud de Rectificación de un Documento Autorizante');
Insert into MTOBJ.TIPOMENSAJE (CODIGO,DESCRIPCION) values ('N26','Rechazo de Solicitud de Rectificación de un Documento Autorizante');
Insert into MTOBJ.TIPOMENSAJE (CODIGO,DESCRIPCION) values ('N27','Solicitud de Oficio para la Rectificación de un Documento Autorizante');
Insert into MTOBJ.TIPOMENSAJE (CODIGO,DESCRIPCION) values ('N28','Notificación de Documento Autorizante (Rectificación)');
Insert into MTOBJ.TIPOMENSAJE (CODIGO,DESCRIPCION) values ('N29','Notificación de pago de CDA a Entidad por Rectificación de un Documento Autorizante');
Insert into MTOBJ.TIPOMENSAJE (CODIGO,DESCRIPCION) values ('N31','Notificación Desistir Orden');
Insert into MTOBJ.TIPOMENSAJE (CODIGO,DESCRIPCION) values ('N32','Notificación Desistir SUCE');
Insert into MTOBJ.TIPOMENSAJE (CODIGO,DESCRIPCION) values ('N33','Enviar Notificación Ticket');
Insert into MTOBJ.TIPOMENSAJE (CODIGO,DESCRIPCION) values ('N34','Enviar Consulta Técnica');
Insert into MTOBJ.TIPOMENSAJE (CODIGO,DESCRIPCION) values ('N35','Notificación de Respuesta de Consulta Técnica');
Insert into MTOBJ.TIPOMENSAJE (CODIGO,DESCRIPCION) values ('N36','Notificación de Trazabilidad');
Insert into MTOBJ.TIPOMENSAJE (CODIGO,DESCRIPCION) values ('N37','Notificación de Confirmación de Lectura de Buzón');
Insert into MTOBJ.TIPOMENSAJE (CODIGO,DESCRIPCION) values ('N38','Notificación de Expiración Orden');
Insert into MTOBJ.TIPOMENSAJE (CODIGO,DESCRIPCION) values ('N39','Notificación de cierre de generación de DR');
Insert into MTOBJ.TIPOMENSAJE (CODIGO,DESCRIPCION) values ('N40','Envío de numero de DR en VUCE');
Insert into MTOBJ.TIPOMENSAJE (CODIGO,DESCRIPCION) values ('N41','Notificación de registro en Buzón');
Insert into MTOBJ.TIPOMENSAJE (CODIGO,DESCRIPCION) values ('N42','Notificación de Extorno de CDA y bloqueo de SUCE');
Insert into MTOBJ.TIPOMENSAJE (CODIGO,DESCRIPCION) values ('N43','Notificación de pago de CDA extornado anteriormente');
Insert into MTOBJ.TIPOMENSAJE (CODIGO,DESCRIPCION) values ('N48','Aceptación de Desistimiento de SUCE');
Insert into MTOBJ.TIPOMENSAJE (CODIGO,DESCRIPCION) values ('N49','Rechazo de Desistimiento de SUCE');
Insert into MTOBJ.TIPOMENSAJE (CODIGO,DESCRIPCION) values ('N51','Notificación de Anulación de CDA (hacia la Entidad)');
Insert into MTOBJ.TIPOMENSAJE (CODIGO,DESCRIPCION) values ('N52','Notificación de Expiración de Modificación de SUCE');
Insert into MTOBJ.TIPOMENSAJE (CODIGO,DESCRIPCION) values ('N56','Reasignación de Usuario');
Insert into MTOBJ.TIPOMENSAJE (CODIGO,DESCRIPCION) values ('N57','Asignación o Reasignación de Usuario Extranet Evaluador responsable de un trámite');
Insert into MTOBJ.TIPOMENSAJE (CODIGO,DESCRIPCION) values ('N59','Reasignación del Titular del DR');
Insert into MTOBJ.TIPOMENSAJE (CODIGO,DESCRIPCION) values ('N60','Reasignación de Usuario del DR');
Insert into MTOBJ.TIPOMENSAJE (CODIGO,DESCRIPCION) values ('N61','Envío de Datos de la SUCE modificada por MTS');
Insert into MTOBJ.TIPOMENSAJE (CODIGO,DESCRIPCION) values ('N62','Envío de Solicitud de Generación de Nuevo DR con SUCE Cerrada');
Insert into MTOBJ.TIPOMENSAJE (CODIGO,DESCRIPCION) values ('N63','Aprobación de Solicitud de Generación de Nuevo DR con SUCE Cerrada');
Insert into MTOBJ.TIPOMENSAJE (CODIGO,DESCRIPCION) values ('N64','Rechazo de Solicitud de Generación de Nuevo DR con SUCE Cerrada');
Insert into MTOBJ.TIPOMENSAJE (CODIGO,DESCRIPCION) values ('N65','Solicitud de Oficio para la Generación de Nuevo DR con SUCE Cerrada');
Insert into MTOBJ.TIPOMENSAJE (CODIGO,DESCRIPCION) values ('N66','Notificación de Requerimiento de Pago');
Insert into MTOBJ.TIPOMENSAJE (CODIGO,DESCRIPCION) values ('N67','Notificación de Pago por Requerimiento de la Entidad');
Insert into MTOBJ.TIPOMENSAJE (CODIGO,DESCRIPCION) values ('N68','Notificación de Documento Autorizante (Reemplazo)');
Insert into MTOBJ.TIPOMENSAJE (CODIGO,DESCRIPCION) values ('N69','Notificación de Documentos Autorizantes (Fraccionamiento)');
Insert into MTOBJ.TIPOMENSAJE (CODIGO,DESCRIPCION) values ('N84','Notificación de Anulación de Solicitud de Rectificación');
Insert into MTOBJ.TIPOMENSAJE (CODIGO,DESCRIPCION) values ('N94','Notificación de Programación de Inspección Coordinada');
Insert into MTOBJ.TIPOMENSAJE (CODIGO,DESCRIPCION) values ('N95','Confirmación a la Programación de Inspección Coordinada');
Insert into MTOBJ.TIPOMENSAJE (CODIGO,DESCRIPCION) values ('N99','Recepcion de mensaje en Buzón');
Insert into MTOBJ.TIPOMENSAJE (CODIGO,DESCRIPCION) values ('N100','Caducidad de Notificación de Subsanación de Solicitud/SUCE');
Insert into MTOBJ.TIPOMENSAJE (CODIGO,DESCRIPCION) values ('N101','Rechazo de Solicitud');
--REM INSERTING into MTOBJ.USUARIO
--SET DEFINE OFF;
Insert into MTOBJ.USUARIO (NOMBRE_USUARIO,ID_ENTIDAD) values ('WSAPN','75');
Insert into MTOBJ.USUARIO (NOMBRE_USUARIO,ID_ENTIDAD) values ('WSSENASA','70');

--REM INSERTING into MTOBJ.TRANSMISION_SALIDA
--SET DEFINE OFF;
Insert into MTOBJ.TRANSMISION_SALIDA (ID_MENSAJE,FECHA_HORA_RESPUESTA,FECHA_HORA_SOLICITUD,HAY_FALLA,DESCRIPCION_FALLA,NOMBRE_OPERACION,NOMBRE_USUARIO,VERSION,TIEMPO_RESPUESTA) values ('ID-Lenovo-PC-50230-1533172757751-0-22',to_date('15/08/18','DD/MM/RR'),to_date('15/08/18','DD/MM/RR'),'1','No hay falla','urn:obtenerTransaccionesPendientes','WSAPN','1.0','-2819000');
Insert into MTOBJ.TRANSMISION_SALIDA (ID_MENSAJE,FECHA_HORA_RESPUESTA,FECHA_HORA_SOLICITUD,HAY_FALLA,DESCRIPCION_FALLA,NOMBRE_OPERACION,NOMBRE_USUARIO,VERSION,TIEMPO_RESPUESTA) values ('ID-Lenovo-PC-50230-1533172757751-0-27',to_date('15/08/18','DD/MM/RR'),to_date('15/08/18','DD/MM/RR'),'0','No hay falla','urn:obtenerTransaccionesPendientes','WSAPN','1.0','0');
Insert into MTOBJ.TRANSMISION_SALIDA (ID_MENSAJE,FECHA_HORA_RESPUESTA,FECHA_HORA_SOLICITUD,HAY_FALLA,DESCRIPCION_FALLA,NOMBRE_OPERACION,NOMBRE_USUARIO,VERSION,TIEMPO_RESPUESTA) values ('ID-Lenovo-PC-50230-1533172757751-0-37',to_date('01/08/18','DD/MM/RR'),to_date('01/08/18','DD/MM/RR'),'0','No hay falla','urn:obtenerTransaccionesPendientes','WSSENASA','1.0','0');
Insert into MTOBJ.TRANSMISION_SALIDA (ID_MENSAJE,FECHA_HORA_RESPUESTA,FECHA_HORA_SOLICITUD,HAY_FALLA,DESCRIPCION_FALLA,NOMBRE_OPERACION,NOMBRE_USUARIO,VERSION,TIEMPO_RESPUESTA) values ('ID-Lenovo-PC-50230-1533172757751-0-42',to_date('15/08/18','DD/MM/RR'),to_date('15/08/18','DD/MM/RR'),'1','No hay falla','urn:obtenerTransaccionesPendientes','WSAPN','1.0','0');
Insert into MTOBJ.TRANSMISION_SALIDA (ID_MENSAJE,FECHA_HORA_RESPUESTA,FECHA_HORA_SOLICITUD,HAY_FALLA,DESCRIPCION_FALLA,NOMBRE_OPERACION,NOMBRE_USUARIO,VERSION,TIEMPO_RESPUESTA) values ('ID-Lenovo-PC-50230-1533172757751-0-47',to_date('15/08/18','DD/MM/RR'),to_date('15/08/18','DD/MM/RR'),'0','No hay falla','urn:obtenerTransaccionesPendientes','WSAPN','1.0','0');
Insert into MTOBJ.TRANSMISION_SALIDA (ID_MENSAJE,FECHA_HORA_RESPUESTA,FECHA_HORA_SOLICITUD,HAY_FALLA,DESCRIPCION_FALLA,NOMBRE_OPERACION,NOMBRE_USUARIO,VERSION,TIEMPO_RESPUESTA) values ('ID-Lenovo-PC-50230-1533172757751-0-52',to_date('23/08/18','DD/MM/RR'),to_date('15/08/18','DD/MM/RR'),'1','No hay falla','urn:obtenerTransaccionesPendientes','WSAPN','1.0','691200000');
Insert into MTOBJ.TRANSMISION_SALIDA (ID_MENSAJE,FECHA_HORA_RESPUESTA,FECHA_HORA_SOLICITUD,HAY_FALLA,DESCRIPCION_FALLA,NOMBRE_OPERACION,NOMBRE_USUARIO,VERSION,TIEMPO_RESPUESTA) values ('ID-Lenovo-PC-50230-1533172757751-0-12',to_date('01/08/18','DD/MM/RR'),to_date('01/08/18','DD/MM/RR'),'0','No hay falla','urn:obtenerTransaccionesPendientes','WSAPN','1.0','0');
Insert into MTOBJ.TRANSMISION_SALIDA (ID_MENSAJE,FECHA_HORA_RESPUESTA,FECHA_HORA_SOLICITUD,HAY_FALLA,DESCRIPCION_FALLA,NOMBRE_OPERACION,NOMBRE_USUARIO,VERSION,TIEMPO_RESPUESTA) values ('ID-Lenovo-PC-50230-1533172757751-0-17',to_date('01/08/18','DD/MM/RR'),to_date('01/08/18','DD/MM/RR'),'0','No hay falla','urn:obtenerTransaccionesPendientes','WSAPN','1.0','0');
Insert into MTOBJ.TRANSMISION_SALIDA (ID_MENSAJE,FECHA_HORA_RESPUESTA,FECHA_HORA_SOLICITUD,HAY_FALLA,DESCRIPCION_FALLA,NOMBRE_OPERACION,NOMBRE_USUARIO,VERSION,TIEMPO_RESPUESTA) values ('ID-Lenovo-PC-50230-1533172757751-0-57',to_date('01/08/18','DD/MM/RR'),to_date('01/08/18','DD/MM/RR'),'0','No hay falla','urn:obtenerTransaccionesPendientes','WSAPN','1.0','0');
Insert into MTOBJ.TRANSMISION_SALIDA (ID_MENSAJE,FECHA_HORA_RESPUESTA,FECHA_HORA_SOLICITUD,HAY_FALLA,DESCRIPCION_FALLA,NOMBRE_OPERACION,NOMBRE_USUARIO,VERSION,TIEMPO_RESPUESTA) values ('ID-Lenovo-PC-52348-1532488659377-0-12',to_date('15/08/18','DD/MM/RR'),to_date('15/08/18','DD/MM/RR'),'0','No hay falla','urn:confirmarRecepcionMensaje','WSAPN','1.0','0');
Insert into MTOBJ.TRANSMISION_SALIDA (ID_MENSAJE,FECHA_HORA_RESPUESTA,FECHA_HORA_SOLICITUD,HAY_FALLA,DESCRIPCION_FALLA,NOMBRE_OPERACION,NOMBRE_USUARIO,VERSION,TIEMPO_RESPUESTA) values ('ID-Lenovo-PC-52348-1532488659377-0-17',to_date('24/07/18','DD/MM/RR'),to_date('24/07/18','DD/MM/RR'),'0','No hay falla','urn:obtenerTransaccionesPendientes','WSAPN','1.0','0');
Insert into MTOBJ.TRANSMISION_SALIDA (ID_MENSAJE,FECHA_HORA_RESPUESTA,FECHA_HORA_SOLICITUD,HAY_FALLA,DESCRIPCION_FALLA,NOMBRE_OPERACION,NOMBRE_USUARIO,VERSION,TIEMPO_RESPUESTA) values ('ID-Lenovo-PC-52348-1532488659377-0-22',to_date('24/07/18','DD/MM/RR'),to_date('24/07/18','DD/MM/RR'),'0','No hay falla','urn:obtenerTransaccionesPendientes','WSAPN','1.0','0');
Insert into MTOBJ.TRANSMISION_SALIDA (ID_MENSAJE,FECHA_HORA_RESPUESTA,FECHA_HORA_SOLICITUD,HAY_FALLA,DESCRIPCION_FALLA,NOMBRE_OPERACION,NOMBRE_USUARIO,VERSION,TIEMPO_RESPUESTA) values ('ID-Lenovo-PC-52348-1532488659377-0-27',to_date('24/07/18','DD/MM/RR'),to_date('24/07/18','DD/MM/RR'),'1','No hay falla','urn:enviarNotificaciones','WSAPN','1.0','0');
Insert into MTOBJ.TRANSMISION_SALIDA (ID_MENSAJE,FECHA_HORA_RESPUESTA,FECHA_HORA_SOLICITUD,HAY_FALLA,DESCRIPCION_FALLA,NOMBRE_OPERACION,NOMBRE_USUARIO,VERSION,TIEMPO_RESPUESTA) values ('ID-Lenovo-PC-52348-1532488659377-0-32',to_date('24/07/18','DD/MM/RR'),to_date('24/07/18','DD/MM/RR'),'0','No hay falla','urn:obtenerTransaccionesPendientes','WSAPN','1.0','0');
Insert into MTOBJ.TRANSMISION_SALIDA (ID_MENSAJE,FECHA_HORA_RESPUESTA,FECHA_HORA_SOLICITUD,HAY_FALLA,DESCRIPCION_FALLA,NOMBRE_OPERACION,NOMBRE_USUARIO,VERSION,TIEMPO_RESPUESTA) values ('ID-Lenovo-PC-57091-1532914810073-0-2',to_date('15/08/18','DD/MM/RR'),to_date('15/08/18','DD/MM/RR'),'0','No hay falla','urn:obtenerTransaccionesPendientes','WSAPN','1.0','0');
Insert into MTOBJ.TRANSMISION_SALIDA (ID_MENSAJE,FECHA_HORA_RESPUESTA,FECHA_HORA_SOLICITUD,HAY_FALLA,DESCRIPCION_FALLA,NOMBRE_OPERACION,NOMBRE_USUARIO,VERSION,TIEMPO_RESPUESTA) values ('ID-Lenovo-PC-52348-1532488659377-0-2',to_date('15/08/18','DD/MM/RR'),to_date('15/08/18','DD/MM/RR'),'1','No hay falla','urn:obtenerTransaccionesPendientes','WSAPN','1.0','0');
Insert into MTOBJ.TRANSMISION_SALIDA (ID_MENSAJE,FECHA_HORA_RESPUESTA,FECHA_HORA_SOLICITUD,HAY_FALLA,DESCRIPCION_FALLA,NOMBRE_OPERACION,NOMBRE_USUARIO,VERSION,TIEMPO_RESPUESTA) values ('ID-Lenovo-PC-52348-1532488659377-0-7',to_date('15/08/18','DD/MM/RR'),to_date('15/08/18','DD/MM/RR'),'0','No hay falla','urn:confirmarRecepcionMensaje','WSAPN','1.0','0');
Insert into MTOBJ.TRANSMISION_SALIDA (ID_MENSAJE,FECHA_HORA_RESPUESTA,FECHA_HORA_SOLICITUD,HAY_FALLA,DESCRIPCION_FALLA,NOMBRE_OPERACION,NOMBRE_USUARIO,VERSION,TIEMPO_RESPUESTA) values ('ID-DESKTOP-SQNUP0V-53894-1540763981458-0-2',to_date('28/10/18','DD/MM/RR'),to_date('28/10/18','DD/MM/RR'),'0','No hay falla','urn:obtenerTransaccionesPendientes','WSAPN','1.0',null);
--REM INSERTING into MTOBJ.TRANSMISION_ENTRADA
--SET DEFINE OFF;
Insert into MTOBJ.TRANSMISION_ENTRADA (VE_ID,ID_ENTIDAD,TIPO_MENSAJE,TIPO_DOCUMENTO,NUMERO_DOCUMENTO,ID_MENSAJE,FECHA_RECEPCION) values ('2001','70','N2','O','567893','ID-Lenovo-PC-52348-1532488659377-0-27',to_date('10/08/18','DD/MM/RR'));
Insert into MTOBJ.TRANSMISION_ENTRADA (VE_ID,ID_ENTIDAD,TIPO_MENSAJE,TIPO_DOCUMENTO,NUMERO_DOCUMENTO,ID_MENSAJE,FECHA_RECEPCION) values ('2002','70','N2','O','567894','ID-Lenovo-PC-52348-1532488659377-0-27',to_date('10/08/18','DD/MM/RR'));
Insert into MTOBJ.TRANSMISION_ENTRADA (VE_ID,ID_ENTIDAD,TIPO_MENSAJE,TIPO_DOCUMENTO,NUMERO_DOCUMENTO,ID_MENSAJE,FECHA_RECEPCION) values ('2003','70','N2','O','637893','ID-Lenovo-PC-52348-1532488659377-0-27',to_date('10/08/18','DD/MM/RR'));
Insert into MTOBJ.TRANSMISION_ENTRADA (VE_ID,ID_ENTIDAD,TIPO_MENSAJE,TIPO_DOCUMENTO,NUMERO_DOCUMENTO,ID_MENSAJE,FECHA_RECEPCION) values ('2004','70','N2','O','967893','ID-Lenovo-PC-52348-1532488659377-0-27',to_date('10/08/18','DD/MM/RR'));
Insert into MTOBJ.TRANSMISION_ENTRADA (VE_ID,ID_ENTIDAD,TIPO_MENSAJE,TIPO_DOCUMENTO,NUMERO_DOCUMENTO,ID_MENSAJE,FECHA_RECEPCION) values ('4003','75','N2','O','867893','ID-Lenovo-PC-52348-1532488659377-0-27',to_date('10/08/18','DD/MM/RR'));
Insert into MTOBJ.TRANSMISION_ENTRADA (VE_ID,ID_ENTIDAD,TIPO_MENSAJE,TIPO_DOCUMENTO,NUMERO_DOCUMENTO,ID_MENSAJE,FECHA_RECEPCION) values ('4001','75','N2','O','467893','ID-Lenovo-PC-52348-1532488659377-0-27',to_date('10/08/18','DD/MM/RR'));
Insert into MTOBJ.TRANSMISION_ENTRADA (VE_ID,ID_ENTIDAD,TIPO_MENSAJE,TIPO_DOCUMENTO,NUMERO_DOCUMENTO,ID_MENSAJE,FECHA_RECEPCION) values ('4002','75','N2','O','367893','ID-Lenovo-PC-52348-1532488659377-0-27',to_date('10/08/18','DD/MM/RR'));
Insert into MTOBJ.TRANSMISION_ENTRADA (VE_ID,ID_ENTIDAD,TIPO_MENSAJE,TIPO_DOCUMENTO,NUMERO_DOCUMENTO,ID_MENSAJE,FECHA_RECEPCION) values ('4004','75','N2','O','967893','ID-Lenovo-PC-52348-1532488659377-0-27',to_date('10/08/18','DD/MM/RR'));
Insert into MTOBJ.TRANSMISION_ENTRADA (VE_ID,ID_ENTIDAD,TIPO_MENSAJE,TIPO_DOCUMENTO,NUMERO_DOCUMENTO,ID_MENSAJE,FECHA_RECEPCION) values ('4005','75','N2','O','567893','ID-Lenovo-PC-52348-1532488659377-0-27',to_date('20/08/18','DD/MM/RR'));
Insert into MTOBJ.TRANSMISION_ENTRADA (VE_ID,ID_ENTIDAD,TIPO_MENSAJE,TIPO_DOCUMENTO,NUMERO_DOCUMENTO,ID_MENSAJE,FECHA_RECEPCION) values ('4006','75','N2','O','787893','ID-Lenovo-PC-52348-1532488659377-0-27',to_date('20/08/18','DD/MM/RR'));
--REM INSERTING into MTOBJ.RECEPCIONTRANSACCION
--SET DEFINE OFF;
Insert into MTOBJ.RECEPCIONTRANSACCION (ID_TRANSMISION,ERROR,ID_MENSAJE) values ('8827542','0','ID-Lenovo-PC-52348-1532488659377-0-12');
--REM INSERTING into MTOBJ.TX_ENTIDAD
--SET DEFINE OFF;
Insert into MTOBJ.TX_ENTIDAD (ID_ENTIDAD,DESCRIPCION,COLOR,ESTADO) values ('1','DIGESA','rgb(255, 99, 132)','A');
Insert into MTOBJ.TX_ENTIDAD (ID_ENTIDAD,DESCRIPCION,COLOR,ESTADO) values ('2','MTC','rgb(255, 159, 64)','A');
Insert into MTOBJ.TX_ENTIDAD (ID_ENTIDAD,DESCRIPCION,COLOR,ESTADO) values ('3','SENASA','rgb(255, 205, 86)','A');
Insert into MTOBJ.TX_ENTIDAD (ID_ENTIDAD,DESCRIPCION,COLOR,ESTADO) values ('4','SANIPES','rgb(75, 192, 192)','A');
Insert into MTOBJ.TX_ENTIDAD (ID_ENTIDAD,DESCRIPCION,COLOR,ESTADO) values ('5','DIGEMID','rgb(54, 162, 235)','A');
Insert into MTOBJ.TX_ENTIDAD (ID_ENTIDAD,DESCRIPCION,COLOR,ESTADO) values ('6','PRODUCE','rgb(153, 102, 255)','A');
Insert into MTOBJ.TX_ENTIDAD (ID_ENTIDAD,DESCRIPCION,COLOR,ESTADO) values ('9','MINCETUR','rgb(201, 203, 207)','A');
Insert into MTOBJ.TX_ENTIDAD (ID_ENTIDAD,DESCRIPCION,COLOR,ESTADO) values ('13','SERFOR','rgb(112, 133, 174)','A');
Insert into MTOBJ.TX_ENTIDAD (ID_ENTIDAD,DESCRIPCION,COLOR,ESTADO) values ('35','MINAGRI','rgb(73, 76, 165)','A');
Insert into MTOBJ.TX_ENTIDAD (ID_ENTIDAD,DESCRIPCION,COLOR,ESTADO) values ('36','IPEN','rgb(15, 237, 207)','A');
Insert into MTOBJ.TX_ENTIDAD (ID_ENTIDAD,DESCRIPCION,COLOR,ESTADO) values ('37','SUCAMEC','rgb(231, 128, 21)','A');
Insert into MTOBJ.TX_ENTIDAD (ID_ENTIDAD,DESCRIPCION,COLOR,ESTADO) values ('41','MINEM','rgb(239, 20, 20)','A');
Insert into MTOBJ.TX_ENTIDAD (ID_ENTIDAD,DESCRIPCION,COLOR,ESTADO) values ('44','BNP','rgb(25, 33, 130)','A');
Insert into MTOBJ.TX_ENTIDAD (ID_ENTIDAD,DESCRIPCION,COLOR,ESTADO) values ('45','AGN','rgb(53, 213, 205)','A');
--REM INSERTING into MTOBJ.TX_PARAMETRO
--SET DEFINE OFF;
Insert into MTOBJ.TX_PARAMETRO (CODIGO,TIPO_PARAMETRO,VALOR_PARAMETRO,DESC_PARAMETRO) values ('1','TIPODOC','O','Orden ');
Insert into MTOBJ.TX_PARAMETRO (CODIGO,TIPO_PARAMETRO,VALOR_PARAMETRO,DESC_PARAMETRO) values ('2','TIPODOC','MTO','Modificación Temporal de la Orden');
Insert into MTOBJ.TX_PARAMETRO (CODIGO,TIPO_PARAMETRO,VALOR_PARAMETRO,DESC_PARAMETRO) values ('3','TIPODOC','S','SUCE');
Insert into MTOBJ.TX_PARAMETRO (CODIGO,TIPO_PARAMETRO,VALOR_PARAMETRO,DESC_PARAMETRO) values ('4','TIPODOC','DR','Documento Resolutivo');
Insert into MTOBJ.TX_PARAMETRO (CODIGO,TIPO_PARAMETRO,VALOR_PARAMETRO,DESC_PARAMETRO) values ('5','TIPODOC','T','Ticket Notificación');
Insert into MTOBJ.TX_PARAMETRO (CODIGO,TIPO_PARAMETRO,VALOR_PARAMETRO,DESC_PARAMETRO) values ('6','TIPODOC','CDA','Código de pago bancario');
Insert into MTOBJ.TX_PARAMETRO (CODIGO,TIPO_PARAMETRO,VALOR_PARAMETRO,DESC_PARAMETRO) values ('7','TIPODOC','E','Expediente');
Insert into MTOBJ.TX_PARAMETRO (CODIGO,TIPO_PARAMETRO,VALOR_PARAMETRO,DESC_PARAMETRO) values ('8','TIPODOC','CT','Consulta Técnica');
Insert into MTOBJ.TX_PARAMETRO (CODIGO,TIPO_PARAMETRO,VALOR_PARAMETRO,DESC_PARAMETRO) values ('9','TIPOMSJ','N1','Registro de una Orden');
Insert into MTOBJ.TX_PARAMETRO (CODIGO,TIPO_PARAMETRO,VALOR_PARAMETRO,DESC_PARAMETRO) values ('10','TIPOMSJ','N2','Confirmación de Aceptación de una Orden (con o sin tasa)');
Insert into MTOBJ.TX_PARAMETRO (CODIGO,TIPO_PARAMETRO,VALOR_PARAMETRO,DESC_PARAMETRO) values ('11','TIPOMSJ','N4','Envío de CDA a Entidad');
Insert into MTOBJ.TX_PARAMETRO (CODIGO,TIPO_PARAMETRO,VALOR_PARAMETRO,DESC_PARAMETRO) values ('12','TIPOMSJ','N6','Notificación de pago de CDA a Entidad con numeración SUCE');
Insert into MTOBJ.TX_PARAMETRO (CODIGO,TIPO_PARAMETRO,VALOR_PARAMETRO,DESC_PARAMETRO) values ('13','TIPOMSJ','N7','Notificación de inicio de trámite, consignando número de Expediente');
Insert into MTOBJ.TX_PARAMETRO (CODIGO,TIPO_PARAMETRO,VALOR_PARAMETRO,DESC_PARAMETRO) values ('14','TIPOMSJ','N8','Notificación de resolución de aprobación de una SUCE, consignando Documento Resolutivo');
Insert into MTOBJ.TX_PARAMETRO (CODIGO,TIPO_PARAMETRO,VALOR_PARAMETRO,DESC_PARAMETRO) values ('15','TIPOMSJ','N9','Notificación de resolución de denegación de una SUCE');
Insert into MTOBJ.TX_PARAMETRO (CODIGO,TIPO_PARAMETRO,VALOR_PARAMETRO,DESC_PARAMETRO) values ('17','TIPOMSJ','N11','Notificación de subsanación de la Orden');
Insert into MTOBJ.TX_PARAMETRO (CODIGO,TIPO_PARAMETRO,VALOR_PARAMETRO,DESC_PARAMETRO) values ('18','TIPOMSJ','N14','Envío de Modificación Temporal de Orden (MTO) a la Entidad');
Insert into MTOBJ.TX_PARAMETRO (CODIGO,TIPO_PARAMETRO,VALOR_PARAMETRO,DESC_PARAMETRO) values ('19','TIPOMSJ','N15','Notificación de rechazo de la MTO');
Insert into MTOBJ.TX_PARAMETRO (CODIGO,TIPO_PARAMETRO,VALOR_PARAMETRO,DESC_PARAMETRO) values ('20','TIPOMSJ','N17','Notificación de subsanación de SUCE');
Insert into MTOBJ.TX_PARAMETRO (CODIGO,TIPO_PARAMETRO,VALOR_PARAMETRO,DESC_PARAMETRO) values ('21','TIPOMSJ','N18','Envío de Modificación de una SUCE');
Insert into MTOBJ.TX_PARAMETRO (CODIGO,TIPO_PARAMETRO,VALOR_PARAMETRO,DESC_PARAMETRO) values ('22','TIPOMSJ','N19','Rechazo de Modificación de una SUCE');
Insert into MTOBJ.TX_PARAMETRO (CODIGO,TIPO_PARAMETRO,VALOR_PARAMETRO,DESC_PARAMETRO) values ('23','TIPOMSJ','N20','Aceptación de Modificación de una SUCE');
Insert into MTOBJ.TX_PARAMETRO (CODIGO,TIPO_PARAMETRO,VALOR_PARAMETRO,DESC_PARAMETRO) values ('24','TIPOMSJ','N21','Aprobación de Modificación de ampliación de plazo');
Insert into MTOBJ.TX_PARAMETRO (CODIGO,TIPO_PARAMETRO,VALOR_PARAMETRO,DESC_PARAMETRO) values ('25','TIPOMSJ','N22','Aprobación de Modificación de una SUCE');
Insert into MTOBJ.TX_PARAMETRO (CODIGO,TIPO_PARAMETRO,VALOR_PARAMETRO,DESC_PARAMETRO) values ('26','TIPOMSJ','N23','Notificación de pago de CDA a Entidad por Modificación de la SUCE');
Insert into MTOBJ.TX_PARAMETRO (CODIGO,TIPO_PARAMETRO,VALOR_PARAMETRO,DESC_PARAMETRO) values ('27','TIPOMSJ','N24','Envío de Solicitud de Rectificación de un Documento Autorizante');
Insert into MTOBJ.TX_PARAMETRO (CODIGO,TIPO_PARAMETRO,VALOR_PARAMETRO,DESC_PARAMETRO) values ('28','TIPOMSJ','N25','Aprobación de Solicitud de Rectificación de un Documento Autorizante');
Insert into MTOBJ.TX_PARAMETRO (CODIGO,TIPO_PARAMETRO,VALOR_PARAMETRO,DESC_PARAMETRO) values ('29','TIPOMSJ','N26','Rechazo de Solicitud de Rectificación de un Documento Autorizante');
Insert into MTOBJ.TX_PARAMETRO (CODIGO,TIPO_PARAMETRO,VALOR_PARAMETRO,DESC_PARAMETRO) values ('30','TIPOMSJ','N27','Solicitud de Oficio para la Rectificación de un Documento Autorizante');
Insert into MTOBJ.TX_PARAMETRO (CODIGO,TIPO_PARAMETRO,VALOR_PARAMETRO,DESC_PARAMETRO) values ('31','TIPOMSJ','N28','Notificación de Documento Autorizante (Rectificación)');
Insert into MTOBJ.TX_PARAMETRO (CODIGO,TIPO_PARAMETRO,VALOR_PARAMETRO,DESC_PARAMETRO) values ('32','TIPOMSJ','N29','Notificación de pago de CDA a Entidad por Rectificación de un Documento Autorizante');
Insert into MTOBJ.TX_PARAMETRO (CODIGO,TIPO_PARAMETRO,VALOR_PARAMETRO,DESC_PARAMETRO) values ('33','TIPOMSJ','N31','Notificación Desistir Orden');
Insert into MTOBJ.TX_PARAMETRO (CODIGO,TIPO_PARAMETRO,VALOR_PARAMETRO,DESC_PARAMETRO) values ('34','TIPOMSJ','N32','Notificación Desistir SUCE');
Insert into MTOBJ.TX_PARAMETRO (CODIGO,TIPO_PARAMETRO,VALOR_PARAMETRO,DESC_PARAMETRO) values ('35','TIPOMSJ','N33','Enviar Notificación Ticket');
Insert into MTOBJ.TX_PARAMETRO (CODIGO,TIPO_PARAMETRO,VALOR_PARAMETRO,DESC_PARAMETRO) values ('36','TIPOMSJ','N34','Enviar Consulta Técnica');
Insert into MTOBJ.TX_PARAMETRO (CODIGO,TIPO_PARAMETRO,VALOR_PARAMETRO,DESC_PARAMETRO) values ('37','TIPOMSJ','N35','Notificación de Respuesta de Consulta Técnica');
Insert into MTOBJ.TX_PARAMETRO (CODIGO,TIPO_PARAMETRO,VALOR_PARAMETRO,DESC_PARAMETRO) values ('38','TIPOMSJ','N36','Notificación de Trazabilidad');
Insert into MTOBJ.TX_PARAMETRO (CODIGO,TIPO_PARAMETRO,VALOR_PARAMETRO,DESC_PARAMETRO) values ('39','TIPOMSJ','N37','Notificación de Confirmación de Lectura de Buzón');
Insert into MTOBJ.TX_PARAMETRO (CODIGO,TIPO_PARAMETRO,VALOR_PARAMETRO,DESC_PARAMETRO) values ('40','TIPOMSJ','N38','Notificación de Expiración Orden');
Insert into MTOBJ.TX_PARAMETRO (CODIGO,TIPO_PARAMETRO,VALOR_PARAMETRO,DESC_PARAMETRO) values ('41','TIPOTRAN','2','Con incidentes');
Insert into MTOBJ.TX_PARAMETRO (CODIGO,TIPO_PARAMETRO,VALOR_PARAMETRO,DESC_PARAMETRO) values ('42','TIPOINCI','1','Incumplimiento del tiempo de confirmación de una transmisión de entrada');
Insert into MTOBJ.TX_PARAMETRO (CODIGO,TIPO_PARAMETRO,VALOR_PARAMETRO,DESC_PARAMETRO) values ('43','TIPOINCI','2','Transmisión de salida procesada incorrectamente en la entidad');
Insert into MTOBJ.TX_PARAMETRO (CODIGO,TIPO_PARAMETRO,VALOR_PARAMETRO,DESC_PARAMETRO) values ('44','TIPOINCI','3','Transmisión de entrada  procesada incorrectamente por la VUCE');
Insert into MTOBJ.TX_PARAMETRO (CODIGO,TIPO_PARAMETRO,VALOR_PARAMETRO,DESC_PARAMETRO) values ('45','TIPOINCI','4','Incumplimiento del tiempo de procesamiento de una transmisión de entrada');
Insert into MTOBJ.TX_PARAMETRO (CODIGO,TIPO_PARAMETRO,VALOR_PARAMETRO,DESC_PARAMETRO) values ('46','TIPOINCI','5','Incumplimiento del tiempo de disponibilidad de una transmisión de salida.');
Insert into MTOBJ.TX_PARAMETRO (CODIGO,TIPO_PARAMETRO,VALOR_PARAMETRO,DESC_PARAMETRO) values ('47','TIPOINCI','6','Incumplimiento de la frecuencia de lectura');
Insert into MTOBJ.TX_PARAMETRO (CODIGO,TIPO_PARAMETRO,VALOR_PARAMETRO,DESC_PARAMETRO) values ('48','ESTVUCCENT','1','Por enviar a ve');
Insert into MTOBJ.TX_PARAMETRO (CODIGO,TIPO_PARAMETRO,VALOR_PARAMETRO,DESC_PARAMETRO) values ('49','ESTVUCCENT','2','Confirmado ve');
Insert into MTOBJ.TX_PARAMETRO (CODIGO,TIPO_PARAMETRO,VALOR_PARAMETRO,DESC_PARAMETRO) values ('50','ESTVUCCENT','3','Confirmado E');
Insert into MTOBJ.TX_PARAMETRO (CODIGO,TIPO_PARAMETRO,VALOR_PARAMETRO,DESC_PARAMETRO) values ('51','ESTVUCCENT','4','Confirmado en vc');
Insert into MTOBJ.TX_PARAMETRO (CODIGO,TIPO_PARAMETRO,VALOR_PARAMETRO,DESC_PARAMETRO) values ('52','ESTVUCCENT','5','Por enviar a sunat');
Insert into MTOBJ.TX_PARAMETRO (CODIGO,TIPO_PARAMETRO,VALOR_PARAMETRO,DESC_PARAMETRO) values ('53','ESTVUCCENT','6','Enviado a sunat (confirmado)');
Insert into MTOBJ.TX_PARAMETRO (CODIGO,TIPO_PARAMETRO,VALOR_PARAMETRO,DESC_PARAMETRO) values ('54','ESTVUCCENT','7','Recibido de sunat');
Insert into MTOBJ.TX_PARAMETRO (CODIGO,TIPO_PARAMETRO,VALOR_PARAMETRO,DESC_PARAMETRO) values ('55','ESTVUCCENT','8','Por reenviar');
Insert into MTOBJ.TX_PARAMETRO (CODIGO,TIPO_PARAMETRO,VALOR_PARAMETRO,DESC_PARAMETRO) values ('56','ESTVUCCENT','9','Por enviar a empresa externa');
Insert into MTOBJ.TX_PARAMETRO (CODIGO,TIPO_PARAMETRO,VALOR_PARAMETRO,DESC_PARAMETRO) values ('57','ESTVUCCENT','10','Enviado a empresa externa (sin confirmar)');
Insert into MTOBJ.TX_PARAMETRO (CODIGO,TIPO_PARAMETRO,VALOR_PARAMETRO,DESC_PARAMETRO) values ('58','ESTVUCCENT','11','Enviado a empresa externa (confirmado)');
Insert into MTOBJ.TX_PARAMETRO (CODIGO,TIPO_PARAMETRO,VALOR_PARAMETRO,DESC_PARAMETRO) values ('59','ESTVUCCENT','12','Recibido de empresa externa');
Insert into MTOBJ.TX_PARAMETRO (CODIGO,TIPO_PARAMETRO,VALOR_PARAMETRO,DESC_PARAMETRO) values ('60','ESTVUCCENT','13','Procesado');
Insert into MTOBJ.TX_PARAMETRO (CODIGO,TIPO_PARAMETRO,VALOR_PARAMETRO,DESC_PARAMETRO) values ('61','ESTVUCCENT','14','Procesado con errores');
Insert into MTOBJ.TX_PARAMETRO (CODIGO,TIPO_PARAMETRO,VALOR_PARAMETRO,DESC_PARAMETRO) values ('62','ESTVUCCENT','15','Por procesar');
Insert into MTOBJ.TX_PARAMETRO (CODIGO,TIPO_PARAMETRO,VALOR_PARAMETRO,DESC_PARAMETRO) values ('63','ESTVUCCENT','16','Desactivado');
Insert into MTOBJ.TX_PARAMETRO (CODIGO,TIPO_PARAMETRO,VALOR_PARAMETRO,DESC_PARAMETRO) values ('64','ESTVUCCENT','17','Procesado con errores en entidad');
Insert into MTOBJ.TX_PARAMETRO (CODIGO,TIPO_PARAMETRO,VALOR_PARAMETRO,DESC_PARAMETRO) values ('65','ESTVUCCENT','18','Confirmado con rectificacion');
Insert into MTOBJ.TX_PARAMETRO (CODIGO,TIPO_PARAMETRO,VALOR_PARAMETRO,DESC_PARAMETRO) values ('66','ESTVUCCENT','19','Por enviar a vuce pack');
Insert into MTOBJ.TX_PARAMETRO (CODIGO,TIPO_PARAMETRO,VALOR_PARAMETRO,DESC_PARAMETRO) values ('67','ESTVUCCENT','20','Confirmado por vuce pack');
Insert into MTOBJ.TX_PARAMETRO (CODIGO,TIPO_PARAMETRO,VALOR_PARAMETRO,DESC_PARAMETRO) values ('68','ESTVUCCENT','21','Por generar mensaje a ve');
Insert into MTOBJ.TX_PARAMETRO (CODIGO,TIPO_PARAMETRO,VALOR_PARAMETRO,DESC_PARAMETRO) values ('69','ESTVUCCENT','22','Mensaje por registrar en co vuce');
Insert into MTOBJ.TX_PARAMETRO (CODIGO,TIPO_PARAMETRO,VALOR_PARAMETRO,DESC_PARAMETRO) values ('70','ESTVUCENT','1','Por enviar a e');
Insert into MTOBJ.TX_PARAMETRO (CODIGO,TIPO_PARAMETRO,VALOR_PARAMETRO,DESC_PARAMETRO) values ('71','ESTVUCENT','2','Leído x entidad');
Insert into MTOBJ.TX_PARAMETRO (CODIGO,TIPO_PARAMETRO,VALOR_PARAMETRO,DESC_PARAMETRO) values ('72','ESTVUCENT','3','Confirmado entidad');
Insert into MTOBJ.TX_PARAMETRO (CODIGO,TIPO_PARAMETRO,VALOR_PARAMETRO,DESC_PARAMETRO) values ('73','ESTVUCENT','4','Informado a vc');
Insert into MTOBJ.TX_PARAMETRO (CODIGO,TIPO_PARAMETRO,VALOR_PARAMETRO,DESC_PARAMETRO) values ('74','ESTVUCENT','5','Por enviar a vc');
Insert into MTOBJ.TX_PARAMETRO (CODIGO,TIPO_PARAMETRO,VALOR_PARAMETRO,DESC_PARAMETRO) values ('75','ESTVUCENT','6','Confirmado en vc');
Insert into MTOBJ.TX_PARAMETRO (CODIGO,TIPO_PARAMETRO,VALOR_PARAMETRO,DESC_PARAMETRO) values ('76','ESTVUCENT','7','Por reenviar');
Insert into MTOBJ.TX_PARAMETRO (CODIGO,TIPO_PARAMETRO,VALOR_PARAMETRO,DESC_PARAMETRO) values ('77','ESTVUCENT','8','Generado por error');
Insert into MTOBJ.TX_PARAMETRO (CODIGO,TIPO_PARAMETRO,VALOR_PARAMETRO,DESC_PARAMETRO) values ('78','ESTVUCENT','9','Sincronización procesado en vc');
Insert into MTOBJ.TX_PARAMETRO (CODIGO,TIPO_PARAMETRO,VALOR_PARAMETRO,DESC_PARAMETRO) values ('79','ESTVUCENT','10','Por enviar en partes');
Insert into MTOBJ.TX_PARAMETRO (CODIGO,TIPO_PARAMETRO,VALOR_PARAMETRO,DESC_PARAMETRO) values ('80','ESTVUCENT','11','Procesado con errores en vc');
Insert into MTOBJ.TX_PARAMETRO (CODIGO,TIPO_PARAMETRO,VALOR_PARAMETRO,DESC_PARAMETRO) values ('81','ESTVUCENT','12','Procesado con errores en entidad');
Insert into MTOBJ.TX_PARAMETRO (CODIGO,TIPO_PARAMETRO,VALOR_PARAMETRO,DESC_PARAMETRO) values ('82','ESTVUCENT','13','Desactivado');

COMMIT;


