--------------------------------------------------------
-- Archivo creado  - lunes-diciembre-03-2018   
--------------------------------------------------------
--------------------------------------------------------
--  DDL for Table CONFIGURACION
--------------------------------------------------------

  CREATE TABLE "MTOBJ"."CONFIGURACION" 
   (	"LLAVE" VARCHAR2(20 BYTE), 
	"VALOR" VARCHAR2(100 BYTE)
   ) SEGMENT CREATION IMMEDIATE 
  PCTFREE 10 PCTUSED 40 INITRANS 1 MAXTRANS 255 NOCOMPRESS LOGGING
  STORAGE(INITIAL 65536 NEXT 1048576 MINEXTENTS 1 MAXEXTENTS 2147483645
  PCTINCREASE 0 FREELISTS 1 FREELIST GROUPS 1 BUFFER_POOL DEFAULT FLASH_CACHE DEFAULT CELL_FLASH_CACHE DEFAULT)
  TABLESPACE "MT_DAT" ;
--------------------------------------------------------
--  DDL for Table ENTIDAD
--------------------------------------------------------

  CREATE TABLE "MTOBJ"."ENTIDAD" 
   (	"ID_ENTIDAD" NUMBER, 
	"ENTIDAD" VARCHAR2(10 BYTE), 
	"NOMBRE_ENTIDAD" VARCHAR2(50 BYTE), 
	"CORREO_SOPORTE" VARCHAR2(100 BYTE), 
	"SLA_DISPONIBILIDAD_TRANSACCION" NUMBER, 
	"SLA_CONFIRMACION_TRANSACCION" NUMBER, 
	"SLA_PROCESAMIENTO_NOTIFICACION" NUMBER, 
	"SLA_FRECUENCIA_LECTURA" NUMBER, 
	"SLA_FRECUENCIA_LECTURA_PM" NUMBER
   ) SEGMENT CREATION IMMEDIATE 
  PCTFREE 10 PCTUSED 40 INITRANS 1 MAXTRANS 255 NOCOMPRESS LOGGING
  STORAGE(INITIAL 65536 NEXT 1048576 MINEXTENTS 1 MAXEXTENTS 2147483645
  PCTINCREASE 0 FREELISTS 1 FREELIST GROUPS 1 BUFFER_POOL DEFAULT FLASH_CACHE DEFAULT CELL_FLASH_CACHE DEFAULT)
  TABLESPACE "MT_DAT" ;

   COMMENT ON COLUMN "MTOBJ"."ENTIDAD"."SLA_DISPONIBILIDAD_TRANSACCION" IS 'en minutos';
   COMMENT ON COLUMN "MTOBJ"."ENTIDAD"."SLA_CONFIRMACION_TRANSACCION" IS 'en minutos';
   COMMENT ON COLUMN "MTOBJ"."ENTIDAD"."SLA_PROCESAMIENTO_NOTIFICACION" IS 'en minutos';
   COMMENT ON COLUMN "MTOBJ"."ENTIDAD"."SLA_FRECUENCIA_LECTURA" IS 'en minutos';
   COMMENT ON COLUMN "MTOBJ"."ENTIDAD"."SLA_FRECUENCIA_LECTURA_PM" IS 'en minutos';
--------------------------------------------------------
--  DDL for Table ENTIDADMANTENIMIENTO
--------------------------------------------------------

  CREATE TABLE "MTOBJ"."ENTIDADMANTENIMIENTO" 
   (	"ID_ENTIDAD" NUMBER, 
	"FECHA_INICIO" DATE, 
	"FECHA_FIN" DATE, 
	"ID_ENTIDAD_MANTENIMIENTO" NUMBER
   ) SEGMENT CREATION IMMEDIATE 
  PCTFREE 10 PCTUSED 40 INITRANS 1 MAXTRANS 255 NOCOMPRESS LOGGING
  STORAGE(INITIAL 65536 NEXT 1048576 MINEXTENTS 1 MAXEXTENTS 2147483645
  PCTINCREASE 0 FREELISTS 1 FREELIST GROUPS 1 BUFFER_POOL DEFAULT FLASH_CACHE DEFAULT CELL_FLASH_CACHE DEFAULT)
  TABLESPACE "MT_DAT" ;

   COMMENT ON COLUMN "MTOBJ"."ENTIDADMANTENIMIENTO"."FECHA_INICIO" IS 'fecha y hora del inicio del manteinimiento';
   COMMENT ON COLUMN "MTOBJ"."ENTIDADMANTENIMIENTO"."FECHA_FIN" IS 'fecha y hora del fin del mantenimiento';
--------------------------------------------------------
--  DDL for Table PERIODO_MONITOREO
--------------------------------------------------------

  CREATE TABLE "MTOBJ"."PERIODO_MONITOREO" 
   (	"HORA" VARCHAR2(20 BYTE)
   ) SEGMENT CREATION IMMEDIATE 
  PCTFREE 10 PCTUSED 40 INITRANS 1 MAXTRANS 255 NOCOMPRESS LOGGING
  STORAGE(INITIAL 65536 NEXT 1048576 MINEXTENTS 1 MAXEXTENTS 2147483645
  PCTINCREASE 0 FREELISTS 1 FREELIST GROUPS 1 BUFFER_POOL DEFAULT FLASH_CACHE DEFAULT CELL_FLASH_CACHE DEFAULT)
  TABLESPACE "MT_DAT" ;
--------------------------------------------------------
--  DDL for Table RECEPCIONTRANSACCION
--------------------------------------------------------

  CREATE TABLE "MTOBJ"."RECEPCIONTRANSACCION" 
   (	"ID_TRANSMISION" NUMBER, 
	"ERROR" NUMBER DEFAULT 0, 
	"ID_MENSAJE" VARCHAR2(50 BYTE)
   ) SEGMENT CREATION IMMEDIATE 
  PCTFREE 10 PCTUSED 40 INITRANS 1 MAXTRANS 255 NOCOMPRESS LOGGING
  STORAGE(INITIAL 65536 NEXT 1048576 MINEXTENTS 1 MAXEXTENTS 2147483645
  PCTINCREASE 0 FREELISTS 1 FREELIST GROUPS 1 BUFFER_POOL DEFAULT FLASH_CACHE DEFAULT CELL_FLASH_CACHE DEFAULT)
  TABLESPACE "MT_DAT" ;
--------------------------------------------------------
--  DDL for Table TIPOMENSAJE
--------------------------------------------------------

  CREATE TABLE "MTOBJ"."TIPOMENSAJE" 
   (	"CODIGO" VARCHAR2(4 BYTE), 
	"DESCRIPCION" VARCHAR2(200 BYTE)
   ) SEGMENT CREATION IMMEDIATE 
  PCTFREE 10 PCTUSED 40 INITRANS 1 MAXTRANS 255 NOCOMPRESS LOGGING
  STORAGE(INITIAL 65536 NEXT 1048576 MINEXTENTS 1 MAXEXTENTS 2147483645
  PCTINCREASE 0 FREELISTS 1 FREELIST GROUPS 1 BUFFER_POOL DEFAULT FLASH_CACHE DEFAULT CELL_FLASH_CACHE DEFAULT)
  TABLESPACE "MT_DAT" ;
--------------------------------------------------------
--  DDL for Table TRANSACCION
--------------------------------------------------------

  CREATE TABLE "MTOBJ"."TRANSACCION" 
   (	"ID_MENSAJE" VARCHAR2(50 BYTE), 
	"TIPO_MENSAJE" VARCHAR2(5 BYTE), 
	"TIPO_DOCUMENTO" VARCHAR2(5 BYTE), 
	"NUMERO_DOCUMENTO" VARCHAR2(50 BYTE), 
	"ID_TRANSMISION" NUMBER, 
	"EBXML" CLOB, 
	"MENSAJEXML" CLOB, 
	"FECHA_PRIMERA_LECTURA" DATE, 
	"CANTIDAD_LECTURAS" NUMBER DEFAULT 0, 
	"ESTADO" NUMBER DEFAULT 1, 
	"FECHA_ULTIMA_LECTURA" DATE, 
	"FECHA_CONFIRMACION" DATE, 
	"TAMANO_ADJUNTOS" NUMBER
   ) SEGMENT CREATION IMMEDIATE 
  PCTFREE 10 PCTUSED 40 INITRANS 1 MAXTRANS 255 NOCOMPRESS LOGGING
  STORAGE(INITIAL 65536 NEXT 1048576 MINEXTENTS 1 MAXEXTENTS 2147483645
  PCTINCREASE 0 FREELISTS 1 FREELIST GROUPS 1 BUFFER_POOL DEFAULT FLASH_CACHE DEFAULT CELL_FLASH_CACHE DEFAULT)
  TABLESPACE "MT_DAT" 
 LOB ("EBXML") STORE AS BASICFILE "SYS_LOB0000023367C00006$$"(
  TABLESPACE "MT_LOB" ENABLE STORAGE IN ROW CHUNK 8192 RETENTION 
  NOCACHE LOGGING 
  STORAGE(INITIAL 65536 NEXT 1048576 MINEXTENTS 1 MAXEXTENTS 2147483645
  PCTINCREASE 0 FREELISTS 1 FREELIST GROUPS 1 BUFFER_POOL DEFAULT FLASH_CACHE DEFAULT CELL_FLASH_CACHE DEFAULT)) 
 LOB ("MENSAJEXML") STORE AS BASICFILE "SYS_LOB0000023367C00007$$"(
  TABLESPACE "MT_LOB" ENABLE STORAGE IN ROW CHUNK 8192 RETENTION 
  NOCACHE LOGGING 
  STORAGE(INITIAL 65536 NEXT 1048576 MINEXTENTS 1 MAXEXTENTS 2147483645
  PCTINCREASE 0 FREELISTS 1 FREELIST GROUPS 1 BUFFER_POOL DEFAULT FLASH_CACHE DEFAULT CELL_FLASH_CACHE DEFAULT)) ;

   COMMENT ON COLUMN "MTOBJ"."TRANSACCION"."ESTADO" IS '1. PENDIENTE DE CONFIRMACION, 2. CONFIRMADA SIN ERROR, 3. CONFIRMADA CON ERROR';
--------------------------------------------------------
--  DDL for Table TRANSMISION_ENTRADA
--------------------------------------------------------

  CREATE TABLE "MTOBJ"."TRANSMISION_ENTRADA" 
   (	"VE_ID" NUMBER, 
	"ID_ENTIDAD" NUMBER, 
	"TIPO_MENSAJE" VARCHAR2(20 BYTE), 
	"TIPO_DOCUMENTO" VARCHAR2(20 BYTE), 
	"NUMERO_DOCUMENTO" VARCHAR2(20 BYTE), 
	"ID_MENSAJE" VARCHAR2(50 BYTE), 
	"FECHA_RECEPCION" DATE, 
	"XML" CLOB
   ) SEGMENT CREATION IMMEDIATE 
  PCTFREE 10 PCTUSED 40 INITRANS 1 MAXTRANS 255 NOCOMPRESS LOGGING
  STORAGE(INITIAL 65536 NEXT 1048576 MINEXTENTS 1 MAXEXTENTS 2147483645
  PCTINCREASE 0 FREELISTS 1 FREELIST GROUPS 1 BUFFER_POOL DEFAULT FLASH_CACHE DEFAULT CELL_FLASH_CACHE DEFAULT)
  TABLESPACE "MT_DAT" 
 LOB ("XML") STORE AS BASICFILE "SYS_LOB0000023360C00008$$"(
  TABLESPACE "MT_LOB" ENABLE STORAGE IN ROW CHUNK 8192 RETENTION 
  NOCACHE LOGGING 
  STORAGE(INITIAL 65536 NEXT 1048576 MINEXTENTS 1 MAXEXTENTS 2147483645
  PCTINCREASE 0 FREELISTS 1 FREELIST GROUPS 1 BUFFER_POOL DEFAULT FLASH_CACHE DEFAULT CELL_FLASH_CACHE DEFAULT)) ;
--------------------------------------------------------
--  DDL for Table TRANSMISION_SALIDA
--------------------------------------------------------

  CREATE TABLE "MTOBJ"."TRANSMISION_SALIDA" 
   (	"ID_MENSAJE" VARCHAR2(50 BYTE), 
	"FECHA_HORA_RESPUESTA" DATE, 
	"FECHA_HORA_SOLICITUD" DATE, 
	"HAY_FALLA" NUMBER(*,0), 
	"DESCRIPCION_FALLA" VARCHAR2(100 BYTE), 
	"NOMBRE_OPERACION" VARCHAR2(50 BYTE), 
	"NOMBRE_USUARIO" VARCHAR2(20 BYTE), 
	"VERSION" VARCHAR2(20 BYTE), 
	"TIEMPO_RESPUESTA" NUMBER
   ) SEGMENT CREATION IMMEDIATE 
  PCTFREE 10 PCTUSED 40 INITRANS 1 MAXTRANS 255 NOCOMPRESS LOGGING
  STORAGE(INITIAL 65536 NEXT 1048576 MINEXTENTS 1 MAXEXTENTS 2147483645
  PCTINCREASE 0 FREELISTS 1 FREELIST GROUPS 1 BUFFER_POOL DEFAULT FLASH_CACHE DEFAULT CELL_FLASH_CACHE DEFAULT)
  TABLESPACE "MT_DAT" ;
--------------------------------------------------------
--  DDL for Table TX_CONFIGURACION_MONI
--------------------------------------------------------

  CREATE TABLE "MTOBJ"."TX_CONFIGURACION_MONI" 
   (	"ID_ENTIDAD" NUMBER, 
	"SLA_NOMBRE" VARCHAR2(50 BYTE), 
	"SLA_VALOR" NUMBER
   ) SEGMENT CREATION IMMEDIATE 
  PCTFREE 10 PCTUSED 40 INITRANS 1 MAXTRANS 255 NOCOMPRESS LOGGING
  STORAGE(INITIAL 65536 NEXT 1048576 MINEXTENTS 1 MAXEXTENTS 2147483645
  PCTINCREASE 0 FREELISTS 1 FREELIST GROUPS 1 BUFFER_POOL DEFAULT FLASH_CACHE DEFAULT CELL_FLASH_CACHE DEFAULT)
  TABLESPACE "SYSTEM" ;
--------------------------------------------------------
--  DDL for Table TX_CON_INCIDENTE
--------------------------------------------------------

  CREATE TABLE "MTOBJ"."TX_CON_INCIDENTE" 
   (	"COD_ENTIDAD" NUMBER, 
	"SIGLA_ENTIDAD" VARCHAR2(20 BYTE), 
	"CANTIDAD_TRANS_ENTRADA" NUMBER, 
	"CANTIDAD_TRANS_SALIDA" NUMBER
   ) SEGMENT CREATION IMMEDIATE 
  PCTFREE 10 PCTUSED 40 INITRANS 1 MAXTRANS 255 NOCOMPRESS LOGGING
  STORAGE(INITIAL 65536 NEXT 1048576 MINEXTENTS 1 MAXEXTENTS 2147483645
  PCTINCREASE 0 FREELISTS 1 FREELIST GROUPS 1 BUFFER_POOL DEFAULT FLASH_CACHE DEFAULT CELL_FLASH_CACHE DEFAULT)
  TABLESPACE "MT_DAT" ;
--------------------------------------------------------
--  DDL for Table TX_ENTIDAD
--------------------------------------------------------

  CREATE TABLE "MTOBJ"."TX_ENTIDAD" 
   (	"ID_ENTIDAD" NUMBER, 
	"DESCRIPCION" VARCHAR2(50 BYTE), 
	"COLOR" VARCHAR2(100 BYTE), 
	"ESTADO" CHAR(1 BYTE)
   ) SEGMENT CREATION IMMEDIATE 
  PCTFREE 10 PCTUSED 40 INITRANS 1 MAXTRANS 255 NOCOMPRESS LOGGING
  STORAGE(INITIAL 65536 NEXT 1048576 MINEXTENTS 1 MAXEXTENTS 2147483645
  PCTINCREASE 0 FREELISTS 1 FREELIST GROUPS 1 BUFFER_POOL DEFAULT FLASH_CACHE DEFAULT CELL_FLASH_CACHE DEFAULT)
  TABLESPACE "SYSTEM" ;
--------------------------------------------------------
--  DDL for Table TX_PARAMETRO
--------------------------------------------------------

  CREATE TABLE "MTOBJ"."TX_PARAMETRO" 
   (	"CODIGO" NUMBER, 
	"TIPO_PARAMETRO" VARCHAR2(20 BYTE), 
	"VALOR_PARAMETRO" VARCHAR2(50 BYTE), 
	"DESC_PARAMETRO" VARCHAR2(150 BYTE)
   ) SEGMENT CREATION IMMEDIATE 
  PCTFREE 10 PCTUSED 40 INITRANS 1 MAXTRANS 255 NOCOMPRESS LOGGING
  STORAGE(INITIAL 65536 NEXT 1048576 MINEXTENTS 1 MAXEXTENTS 2147483645
  PCTINCREASE 0 FREELISTS 1 FREELIST GROUPS 1 BUFFER_POOL DEFAULT FLASH_CACHE DEFAULT CELL_FLASH_CACHE DEFAULT)
  TABLESPACE "SYSTEM" ;
--------------------------------------------------------
--  DDL for Table TX_TRAMISIONES
--------------------------------------------------------

  CREATE TABLE "MTOBJ"."TX_TRAMISIONES" 
   (	"TIPO" VARCHAR2(20 BYTE), 
	"TIENE_INCIDENTE" NUMBER, 
	"TIPO_INCIDENTE" NUMBER, 
	"ENTIDAD_ID" NUMBER, 
	"SIGLA_ENTIDAD" VARCHAR2(20 BYTE), 
	"TIPO_MENSAJE" VARCHAR2(20 BYTE), 
	"NOM_MENSAJE" VARCHAR2(20 BYTE), 
	"XML" BLOB, 
	"EBXML" BLOB, 
	"ERROR" VARCHAR2(3999 BYTE), 
	"VC_ID" NUMBER, 
	"VE_ID" NUMBER, 
	"NOM_ESTADO_VC" VARCHAR2(20 BYTE), 
	"ESTADO_VE" NUMBER, 
	"NOM_ESTADO_VE" VARCHAR2(50 BYTE), 
	"TIPO_DOC" VARCHAR2(50 BYTE), 
	"NOM_DOC" VARCHAR2(20 BYTE), 
	"NUM_DOC" VARCHAR2(20 BYTE), 
	"FECHA_REGISTRO_SALIDA" DATE, 
	"FECHA_ACTUALIZACION_SALIDA" DATE, 
	"ANTIGUEDAD_SALIDA" NUMBER, 
	"FORMATO" VARCHAR2(20 BYTE), 
	"FECHA_REGISTRO_ENTRADA" DATE, 
	"FECHA_ACTUALIZACION_ENTRADA" DATE, 
	"ANTIGUEDAD_ENTRADA" NUMBER, 
	"ESTADO_VC" NUMBER
   ) SEGMENT CREATION IMMEDIATE 
  PCTFREE 10 PCTUSED 40 INITRANS 1 MAXTRANS 255 NOCOMPRESS LOGGING
  STORAGE(INITIAL 65536 NEXT 1048576 MINEXTENTS 1 MAXEXTENTS 2147483645
  PCTINCREASE 0 FREELISTS 1 FREELIST GROUPS 1 BUFFER_POOL DEFAULT FLASH_CACHE DEFAULT CELL_FLASH_CACHE DEFAULT)
  TABLESPACE "SYSTEM" 
 LOB ("XML") STORE AS BASICFILE (
  TABLESPACE "SYSTEM" ENABLE STORAGE IN ROW CHUNK 8192 RETENTION 
  NOCACHE LOGGING 
  STORAGE(INITIAL 65536 NEXT 1048576 MINEXTENTS 1 MAXEXTENTS 2147483645
  PCTINCREASE 0 FREELISTS 1 FREELIST GROUPS 1 BUFFER_POOL DEFAULT FLASH_CACHE DEFAULT CELL_FLASH_CACHE DEFAULT)) 
 LOB ("EBXML") STORE AS BASICFILE (
  TABLESPACE "SYSTEM" ENABLE STORAGE IN ROW CHUNK 8192 RETENTION 
  NOCACHE LOGGING 
  STORAGE(INITIAL 65536 NEXT 1048576 MINEXTENTS 1 MAXEXTENTS 2147483645
  PCTINCREASE 0 FREELISTS 1 FREELIST GROUPS 1 BUFFER_POOL DEFAULT FLASH_CACHE DEFAULT CELL_FLASH_CACHE DEFAULT)) ;

   COMMENT ON COLUMN "MTOBJ"."TX_TRAMISIONES"."TIPO" IS '	Tipo (1 – Entrada y 2 - Salida) ';
--------------------------------------------------------
--  DDL for Table USUARIO
--------------------------------------------------------

  CREATE TABLE "MTOBJ"."USUARIO" 
   (	"NOMBRE_USUARIO" VARCHAR2(20 BYTE), 
	"ID_ENTIDAD" NUMBER
   ) SEGMENT CREATION IMMEDIATE 
  PCTFREE 10 PCTUSED 40 INITRANS 1 MAXTRANS 255 NOCOMPRESS LOGGING
  STORAGE(INITIAL 65536 NEXT 1048576 MINEXTENTS 1 MAXEXTENTS 2147483645
  PCTINCREASE 0 FREELISTS 1 FREELIST GROUPS 1 BUFFER_POOL DEFAULT FLASH_CACHE DEFAULT CELL_FLASH_CACHE DEFAULT)
  TABLESPACE "MT_LOB" ;
--------------------------------------------------------
--  DDL for Sequence ENTIDADMANTENIMIENTO_SEQ
--------------------------------------------------------

   CREATE SEQUENCE  "MTOBJ"."ENTIDADMANTENIMIENTO_SEQ"  MINVALUE 1 MAXVALUE 9999999999999999999999999999 INCREMENT BY 1 START WITH 120 CACHE 20 NOORDER  NOCYCLE ;
REM INSERTING into MTOBJ.CONFIGURACION
SET DEFINE OFF;
Insert into MTOBJ.CONFIGURACION (LLAVE,VALOR) values ('CORREO_VUCE','pcsijomo@upc.edu.pe');
REM INSERTING into MTOBJ.ENTIDAD
SET DEFINE OFF;
Insert into MTOBJ.ENTIDAD (ID_ENTIDAD,ENTIDAD,NOMBRE_ENTIDAD,CORREO_SOPORTE,SLA_DISPONIBILIDAD_TRANSACCION,SLA_CONFIRMACION_TRANSACCION,SLA_PROCESAMIENTO_NOTIFICACION,SLA_FRECUENCIA_LECTURA,SLA_FRECUENCIA_LECTURA_PM) values ('75','APN','AUTORIDAD PORTUARIA NACIONAL','jmorenomolina@gmail.com','400','11','500','11','28880');
Insert into MTOBJ.ENTIDAD (ID_ENTIDAD,ENTIDAD,NOMBRE_ENTIDAD,CORREO_SOPORTE,SLA_DISPONIBILIDAD_TRANSACCION,SLA_CONFIRMACION_TRANSACCION,SLA_PROCESAMIENTO_NOTIFICACION,SLA_FRECUENCIA_LECTURA,SLA_FRECUENCIA_LECTURA_PM) values ('70','SENASA','SERVICIO NACIONAL DE SANIDAD AGRARIA','jmorenomolina@gmail.com','4','66','12','745','4667');
Insert into MTOBJ.ENTIDAD (ID_ENTIDAD,ENTIDAD,NOMBRE_ENTIDAD,CORREO_SOPORTE,SLA_DISPONIBILIDAD_TRANSACCION,SLA_CONFIRMACION_TRANSACCION,SLA_PROCESAMIENTO_NOTIFICACION,SLA_FRECUENCIA_LECTURA,SLA_FRECUENCIA_LECTURA_PM) values ('71','DIGEMID','SERVICIO DE ...','jmorenomolina@gmail.com','1','1','5','2','1');
Insert into MTOBJ.ENTIDAD (ID_ENTIDAD,ENTIDAD,NOMBRE_ENTIDAD,CORREO_SOPORTE,SLA_DISPONIBILIDAD_TRANSACCION,SLA_CONFIRMACION_TRANSACCION,SLA_PROCESAMIENTO_NOTIFICACION,SLA_FRECUENCIA_LECTURA,SLA_FRECUENCIA_LECTURA_PM) values ('72','DEMO','SERVICIO DE ...','jmorenomolina@gmail.com','5','1','5','1','604');
REM INSERTING into MTOBJ.ENTIDADMANTENIMIENTO
SET DEFINE OFF;
Insert into MTOBJ.ENTIDADMANTENIMIENTO (ID_ENTIDAD,FECHA_INICIO,FECHA_FIN,ID_ENTIDAD_MANTENIMIENTO) values ('75',to_date('09/08/18','DD/MM/RR'),to_date('09/08/18','DD/MM/RR'),'1');
Insert into MTOBJ.ENTIDADMANTENIMIENTO (ID_ENTIDAD,FECHA_INICIO,FECHA_FIN,ID_ENTIDAD_MANTENIMIENTO) values ('75',to_date('08/08/18','DD/MM/RR'),to_date('08/08/18','DD/MM/RR'),'2');
Insert into MTOBJ.ENTIDADMANTENIMIENTO (ID_ENTIDAD,FECHA_INICIO,FECHA_FIN,ID_ENTIDAD_MANTENIMIENTO) values ('70',to_date('08/08/18','DD/MM/RR'),to_date('08/08/18','DD/MM/RR'),'3');
Insert into MTOBJ.ENTIDADMANTENIMIENTO (ID_ENTIDAD,FECHA_INICIO,FECHA_FIN,ID_ENTIDAD_MANTENIMIENTO) values ('70',to_date('10/08/18','DD/MM/RR'),to_date('15/08/18','DD/MM/RR'),'4');
Insert into MTOBJ.ENTIDADMANTENIMIENTO (ID_ENTIDAD,FECHA_INICIO,FECHA_FIN,ID_ENTIDAD_MANTENIMIENTO) values ('75',to_date('09/08/18','DD/MM/RR'),to_date('09/08/18','DD/MM/RR'),'5');
Insert into MTOBJ.ENTIDADMANTENIMIENTO (ID_ENTIDAD,FECHA_INICIO,FECHA_FIN,ID_ENTIDAD_MANTENIMIENTO) values ('75',to_date('08/08/18','DD/MM/RR'),to_date('08/08/18','DD/MM/RR'),'6');
Insert into MTOBJ.ENTIDADMANTENIMIENTO (ID_ENTIDAD,FECHA_INICIO,FECHA_FIN,ID_ENTIDAD_MANTENIMIENTO) values ('70',to_date('08/08/18','DD/MM/RR'),to_date('08/08/18','DD/MM/RR'),'7');
Insert into MTOBJ.ENTIDADMANTENIMIENTO (ID_ENTIDAD,FECHA_INICIO,FECHA_FIN,ID_ENTIDAD_MANTENIMIENTO) values ('70',to_date('10/08/18','DD/MM/RR'),to_date('15/08/18','DD/MM/RR'),'8');
Insert into MTOBJ.ENTIDADMANTENIMIENTO (ID_ENTIDAD,FECHA_INICIO,FECHA_FIN,ID_ENTIDAD_MANTENIMIENTO) values ('71',to_date('19/08/18','DD/MM/RR'),to_date('20/08/18','DD/MM/RR'),'-40');
Insert into MTOBJ.ENTIDADMANTENIMIENTO (ID_ENTIDAD,FECHA_INICIO,FECHA_FIN,ID_ENTIDAD_MANTENIMIENTO) values ('71',to_date('19/08/18','DD/MM/RR'),to_date('30/08/18','DD/MM/RR'),'-39');
Insert into MTOBJ.ENTIDADMANTENIMIENTO (ID_ENTIDAD,FECHA_INICIO,FECHA_FIN,ID_ENTIDAD_MANTENIMIENTO) values ('70',to_date('30/08/18','DD/MM/RR'),to_date('30/08/18','DD/MM/RR'),'-38');
Insert into MTOBJ.ENTIDADMANTENIMIENTO (ID_ENTIDAD,FECHA_INICIO,FECHA_FIN,ID_ENTIDAD_MANTENIMIENTO) values ('72',to_date('19/08/18','DD/MM/RR'),to_date('19/08/18','DD/MM/RR'),'-37');
Insert into MTOBJ.ENTIDADMANTENIMIENTO (ID_ENTIDAD,FECHA_INICIO,FECHA_FIN,ID_ENTIDAD_MANTENIMIENTO) values ('75',to_date('22/08/18','DD/MM/RR'),to_date('30/08/18','DD/MM/RR'),'51');
REM INSERTING into MTOBJ.PERIODO_MONITOREO
SET DEFINE OFF;
Insert into MTOBJ.PERIODO_MONITOREO (HORA) values ('00');
Insert into MTOBJ.PERIODO_MONITOREO (HORA) values ('01');
Insert into MTOBJ.PERIODO_MONITOREO (HORA) values ('02');
Insert into MTOBJ.PERIODO_MONITOREO (HORA) values ('03');
Insert into MTOBJ.PERIODO_MONITOREO (HORA) values ('04');
Insert into MTOBJ.PERIODO_MONITOREO (HORA) values ('05');
Insert into MTOBJ.PERIODO_MONITOREO (HORA) values ('06');
Insert into MTOBJ.PERIODO_MONITOREO (HORA) values ('07');
Insert into MTOBJ.PERIODO_MONITOREO (HORA) values ('08');
Insert into MTOBJ.PERIODO_MONITOREO (HORA) values ('09');
Insert into MTOBJ.PERIODO_MONITOREO (HORA) values ('10');
Insert into MTOBJ.PERIODO_MONITOREO (HORA) values ('11');
Insert into MTOBJ.PERIODO_MONITOREO (HORA) values ('12');
Insert into MTOBJ.PERIODO_MONITOREO (HORA) values ('13');
Insert into MTOBJ.PERIODO_MONITOREO (HORA) values ('14');
Insert into MTOBJ.PERIODO_MONITOREO (HORA) values ('15');
Insert into MTOBJ.PERIODO_MONITOREO (HORA) values ('16');
Insert into MTOBJ.PERIODO_MONITOREO (HORA) values ('17');
Insert into MTOBJ.PERIODO_MONITOREO (HORA) values ('18');
Insert into MTOBJ.PERIODO_MONITOREO (HORA) values ('19');
Insert into MTOBJ.PERIODO_MONITOREO (HORA) values ('20');
Insert into MTOBJ.PERIODO_MONITOREO (HORA) values ('21');
Insert into MTOBJ.PERIODO_MONITOREO (HORA) values ('22');
Insert into MTOBJ.PERIODO_MONITOREO (HORA) values ('23');
Insert into MTOBJ.PERIODO_MONITOREO (HORA) values ('24');
REM INSERTING into MTOBJ.RECEPCIONTRANSACCION
SET DEFINE OFF;
Insert into MTOBJ.RECEPCIONTRANSACCION (ID_TRANSMISION,ERROR,ID_MENSAJE) values ('8827542','0','ID-Lenovo-PC-52348-1532488659377-0-12');
REM INSERTING into MTOBJ.TIPOMENSAJE
SET DEFINE OFF;
Insert into MTOBJ.TIPOMENSAJE (CODIGO,DESCRIPCION) values ('N1','Registro de una Orden');
Insert into MTOBJ.TIPOMENSAJE (CODIGO,DESCRIPCION) values ('N2','Confirmación de Aceptación de una Orden (con o sin tasa)');
Insert into MTOBJ.TIPOMENSAJE (CODIGO,DESCRIPCION) values ('N4','Envío de CDA a Entidad');
Insert into MTOBJ.TIPOMENSAJE (CODIGO,DESCRIPCION) values ('N6','Notificación de pago de CDA a Entidad con numeración SUCE');
Insert into MTOBJ.TIPOMENSAJE (CODIGO,DESCRIPCION) values ('N7','Notificación de inicio de trámite, consignando número de Expediente');
Insert into MTOBJ.TIPOMENSAJE (CODIGO,DESCRIPCION) values ('N8','Notificación de resolución de aprobación de una SUCE, consignando Documento Resolutivo');
Insert into MTOBJ.TIPOMENSAJE (CODIGO,DESCRIPCION) values ('N9','Notificación de resolución de denegación de una SUCE');
Insert into MTOBJ.TIPOMENSAJE (CODIGO,DESCRIPCION) values ('N11','Notificación de subsanación de la Orden');
Insert into MTOBJ.TIPOMENSAJE (CODIGO,DESCRIPCION) values ('N14','Envío de Modificación Temporal de Orden (MTO) a la Entidad');
Insert into MTOBJ.TIPOMENSAJE (CODIGO,DESCRIPCION) values ('N15','Notificación de rechazo de la MTO');
Insert into MTOBJ.TIPOMENSAJE (CODIGO,DESCRIPCION) values ('N17','Notificación de subsanación de SUCE');
Insert into MTOBJ.TIPOMENSAJE (CODIGO,DESCRIPCION) values ('N18','Envío de Modificación de una SUCE');
Insert into MTOBJ.TIPOMENSAJE (CODIGO,DESCRIPCION) values ('N19','Rechazo de Modificación de una SUCE');
Insert into MTOBJ.TIPOMENSAJE (CODIGO,DESCRIPCION) values ('N20','Aceptación de Modificación de una SUCE');
Insert into MTOBJ.TIPOMENSAJE (CODIGO,DESCRIPCION) values ('N21','Aprobación de Modificación de ampliación de plazo');
Insert into MTOBJ.TIPOMENSAJE (CODIGO,DESCRIPCION) values ('N22','Aprobación de Modificación de una SUCE');
Insert into MTOBJ.TIPOMENSAJE (CODIGO,DESCRIPCION) values ('N23','Notificación de pago de CDA a Entidad por Modificación de la SUCE');
Insert into MTOBJ.TIPOMENSAJE (CODIGO,DESCRIPCION) values ('N24','Envío de Solicitud de Rectificación de un Documento Autorizante');
Insert into MTOBJ.TIPOMENSAJE (CODIGO,DESCRIPCION) values ('N25','Aprobación de Solicitud de Rectificación de un Documento Autorizante');
Insert into MTOBJ.TIPOMENSAJE (CODIGO,DESCRIPCION) values ('N26','Rechazo de Solicitud de Rectificación de un Documento Autorizante');
Insert into MTOBJ.TIPOMENSAJE (CODIGO,DESCRIPCION) values ('N27','Solicitud de Oficio para la Rectificación de un Documento Autorizante');
Insert into MTOBJ.TIPOMENSAJE (CODIGO,DESCRIPCION) values ('N28','Notificación de Documento Autorizante (Rectificación)');
Insert into MTOBJ.TIPOMENSAJE (CODIGO,DESCRIPCION) values ('N29','Notificación de pago de CDA a Entidad por Rectificación de un Documento Autorizante');
Insert into MTOBJ.TIPOMENSAJE (CODIGO,DESCRIPCION) values ('N31','Notificación Desistir Orden');
Insert into MTOBJ.TIPOMENSAJE (CODIGO,DESCRIPCION) values ('N32','Notificación Desistir SUCE');
Insert into MTOBJ.TIPOMENSAJE (CODIGO,DESCRIPCION) values ('N33','Enviar Notificación Ticket');
Insert into MTOBJ.TIPOMENSAJE (CODIGO,DESCRIPCION) values ('N34','Enviar Consulta Técnica');
Insert into MTOBJ.TIPOMENSAJE (CODIGO,DESCRIPCION) values ('N35','Notificación de Respuesta de Consulta Técnica');
Insert into MTOBJ.TIPOMENSAJE (CODIGO,DESCRIPCION) values ('N36','Notificación de Trazabilidad');
Insert into MTOBJ.TIPOMENSAJE (CODIGO,DESCRIPCION) values ('N37','Notificación de Confirmación de Lectura de Buzón');
Insert into MTOBJ.TIPOMENSAJE (CODIGO,DESCRIPCION) values ('N38','Notificación de Expiración Orden');
Insert into MTOBJ.TIPOMENSAJE (CODIGO,DESCRIPCION) values ('N39','Notificación de cierre de generación de DR');
Insert into MTOBJ.TIPOMENSAJE (CODIGO,DESCRIPCION) values ('N40','Envío de numero de DR en VUCE');
Insert into MTOBJ.TIPOMENSAJE (CODIGO,DESCRIPCION) values ('N41','Notificación de registro en Buzón');
Insert into MTOBJ.TIPOMENSAJE (CODIGO,DESCRIPCION) values ('N42','Notificación de Extorno de CDA y bloqueo de SUCE');
Insert into MTOBJ.TIPOMENSAJE (CODIGO,DESCRIPCION) values ('N43','Notificación de pago de CDA extornado anteriormente');
Insert into MTOBJ.TIPOMENSAJE (CODIGO,DESCRIPCION) values ('N48','Aceptación de Desistimiento de SUCE');
Insert into MTOBJ.TIPOMENSAJE (CODIGO,DESCRIPCION) values ('N49','Rechazo de Desistimiento de SUCE');
Insert into MTOBJ.TIPOMENSAJE (CODIGO,DESCRIPCION) values ('N51','Notificación de Anulación de CDA (hacia la Entidad)');
Insert into MTOBJ.TIPOMENSAJE (CODIGO,DESCRIPCION) values ('N52','Notificación de Expiración de Modificación de SUCE');
Insert into MTOBJ.TIPOMENSAJE (CODIGO,DESCRIPCION) values ('N56','Reasignación de Usuario');
Insert into MTOBJ.TIPOMENSAJE (CODIGO,DESCRIPCION) values ('N57','Asignación o Reasignación de Usuario Extranet Evaluador responsable de un trámite');
Insert into MTOBJ.TIPOMENSAJE (CODIGO,DESCRIPCION) values ('N59','Reasignación del Titular del DR');
Insert into MTOBJ.TIPOMENSAJE (CODIGO,DESCRIPCION) values ('N60','Reasignación de Usuario del DR');
Insert into MTOBJ.TIPOMENSAJE (CODIGO,DESCRIPCION) values ('N61','Envío de Datos de la SUCE modificada por MTS');
Insert into MTOBJ.TIPOMENSAJE (CODIGO,DESCRIPCION) values ('N62','Envío de Solicitud de Generación de Nuevo DR con SUCE Cerrada');
Insert into MTOBJ.TIPOMENSAJE (CODIGO,DESCRIPCION) values ('N63','Aprobación de Solicitud de Generación de Nuevo DR con SUCE Cerrada');
Insert into MTOBJ.TIPOMENSAJE (CODIGO,DESCRIPCION) values ('N64','Rechazo de Solicitud de Generación de Nuevo DR con SUCE Cerrada');
Insert into MTOBJ.TIPOMENSAJE (CODIGO,DESCRIPCION) values ('N65','Solicitud de Oficio para la Generación de Nuevo DR con SUCE Cerrada');
Insert into MTOBJ.TIPOMENSAJE (CODIGO,DESCRIPCION) values ('N66','Notificación de Requerimiento de Pago');
Insert into MTOBJ.TIPOMENSAJE (CODIGO,DESCRIPCION) values ('N67','Notificación de Pago por Requerimiento de la Entidad');
Insert into MTOBJ.TIPOMENSAJE (CODIGO,DESCRIPCION) values ('N68','Notificación de Documento Autorizante (Reemplazo)');
Insert into MTOBJ.TIPOMENSAJE (CODIGO,DESCRIPCION) values ('N69','Notificación de Documentos Autorizantes (Fraccionamiento)');
Insert into MTOBJ.TIPOMENSAJE (CODIGO,DESCRIPCION) values ('N84','Notificación de Anulación de Solicitud de Rectificación');
Insert into MTOBJ.TIPOMENSAJE (CODIGO,DESCRIPCION) values ('N94','Notificación de Programación de Inspección Coordinada');
Insert into MTOBJ.TIPOMENSAJE (CODIGO,DESCRIPCION) values ('N95','Confirmación a la Programación de Inspección Coordinada');
Insert into MTOBJ.TIPOMENSAJE (CODIGO,DESCRIPCION) values ('N99','Recepcion de mensaje en Buzón');
Insert into MTOBJ.TIPOMENSAJE (CODIGO,DESCRIPCION) values ('N100','Caducidad de Notificación de Subsanación de Solicitud/SUCE');
Insert into MTOBJ.TIPOMENSAJE (CODIGO,DESCRIPCION) values ('N101','Rechazo de Solicitud');
REM INSERTING into MTOBJ.TRANSACCION
SET DEFINE OFF;
Insert into MTOBJ.TRANSACCION (ID_MENSAJE,TIPO_MENSAJE,TIPO_DOCUMENTO,NUMERO_DOCUMENTO,ID_TRANSMISION,FECHA_PRIMERA_LECTURA,CANTIDAD_LECTURAS,ESTADO,FECHA_ULTIMA_LECTURA,FECHA_CONFIRMACION,TAMANO_ADJUNTOS) values ('ID-Lenovo-PC-50230-1533172757751-0-27','N4','CDA','848181900181886900','8825960',to_date('30/07/18','DD/MM/RR'),'2','1',to_date('01/08/18','DD/MM/RR'),null,'0');
Insert into MTOBJ.TRANSACCION (ID_MENSAJE,TIPO_MENSAJE,TIPO_DOCUMENTO,NUMERO_DOCUMENTO,ID_TRANSMISION,FECHA_PRIMERA_LECTURA,CANTIDAD_LECTURAS,ESTADO,FECHA_ULTIMA_LECTURA,FECHA_CONFIRMACION,TAMANO_ADJUNTOS) values ('ID-Lenovo-PC-50230-1533172757751-0-27','N1','O','2018006319','8828146',to_date('30/07/18','DD/MM/RR'),'2','1',to_date('01/08/18','DD/MM/RR'),null,'198522');
Insert into MTOBJ.TRANSACCION (ID_MENSAJE,TIPO_MENSAJE,TIPO_DOCUMENTO,NUMERO_DOCUMENTO,ID_TRANSMISION,FECHA_PRIMERA_LECTURA,CANTIDAD_LECTURAS,ESTADO,FECHA_ULTIMA_LECTURA,FECHA_CONFIRMACION,TAMANO_ADJUNTOS) values ('ID-Lenovo-PC-50230-1533172757751-0-27','N2','O','2018006322','8828164',to_date('30/07/18','DD/MM/RR'),'2','1',to_date('01/08/18','DD/MM/RR'),null,'248146');
Insert into MTOBJ.TRANSACCION (ID_MENSAJE,TIPO_MENSAJE,TIPO_DOCUMENTO,NUMERO_DOCUMENTO,ID_TRANSMISION,FECHA_PRIMERA_LECTURA,CANTIDAD_LECTURAS,ESTADO,FECHA_ULTIMA_LECTURA,FECHA_CONFIRMACION,TAMANO_ADJUNTOS) values ('ID-Lenovo-PC-50230-1533172757751-0-27','N40','DR','2018001100','8829424',to_date('30/07/18','DD/MM/RR'),'2','1',to_date('01/08/18','DD/MM/RR'),null,'0');
Insert into MTOBJ.TRANSACCION (ID_MENSAJE,TIPO_MENSAJE,TIPO_DOCUMENTO,NUMERO_DOCUMENTO,ID_TRANSMISION,FECHA_PRIMERA_LECTURA,CANTIDAD_LECTURAS,ESTADO,FECHA_ULTIMA_LECTURA,FECHA_CONFIRMACION,TAMANO_ADJUNTOS) values ('ID-Lenovo-PC-50230-1533172757751-0-37','N40','DR','2018001102','8829431',to_date('30/07/18','DD/MM/RR'),'3','1',to_date('01/08/18','DD/MM/RR'),null,'0');
Insert into MTOBJ.TRANSACCION (ID_MENSAJE,TIPO_MENSAJE,TIPO_DOCUMENTO,NUMERO_DOCUMENTO,ID_TRANSMISION,FECHA_PRIMERA_LECTURA,CANTIDAD_LECTURAS,ESTADO,FECHA_ULTIMA_LECTURA,FECHA_CONFIRMACION,TAMANO_ADJUNTOS) values ('ID-Lenovo-PC-50230-1533172757751-0-37','N2','O','2018006506','8829583',to_date('30/07/18','DD/MM/RR'),'3','1',to_date('01/08/18','DD/MM/RR'),null,'565035');
Insert into MTOBJ.TRANSACCION (ID_MENSAJE,TIPO_MENSAJE,TIPO_DOCUMENTO,NUMERO_DOCUMENTO,ID_TRANSMISION,FECHA_PRIMERA_LECTURA,CANTIDAD_LECTURAS,ESTADO,FECHA_ULTIMA_LECTURA,FECHA_CONFIRMACION,TAMANO_ADJUNTOS) values ('ID-Lenovo-PC-50230-1533172757751-0-27','N1','O','2018006517','8829718',to_date('30/07/18','DD/MM/RR'),'2','3',to_date('01/08/18','DD/MM/RR'),to_date('01/08/18','DD/MM/RR'),'1026151');
Insert into MTOBJ.TRANSACCION (ID_MENSAJE,TIPO_MENSAJE,TIPO_DOCUMENTO,NUMERO_DOCUMENTO,ID_TRANSMISION,FECHA_PRIMERA_LECTURA,CANTIDAD_LECTURAS,ESTADO,FECHA_ULTIMA_LECTURA,FECHA_CONFIRMACION,TAMANO_ADJUNTOS) values ('ID-Lenovo-PC-50230-1533172757751-0-27','N1','O','2018006618','8831721',to_date('30/07/18','DD/MM/RR'),'2','3',to_date('01/08/18','DD/MM/RR'),to_date('01/08/18','DD/MM/RR'),'39970');
REM INSERTING into MTOBJ.TRANSMISION_ENTRADA
SET DEFINE OFF;
Insert into MTOBJ.TRANSMISION_ENTRADA (VE_ID,ID_ENTIDAD,TIPO_MENSAJE,TIPO_DOCUMENTO,NUMERO_DOCUMENTO,ID_MENSAJE,FECHA_RECEPCION) values ('2001','70','N2','O','567893','ID-Lenovo-PC-52348-1532488659377-0-27',to_date('10/08/18','DD/MM/RR'));
Insert into MTOBJ.TRANSMISION_ENTRADA (VE_ID,ID_ENTIDAD,TIPO_MENSAJE,TIPO_DOCUMENTO,NUMERO_DOCUMENTO,ID_MENSAJE,FECHA_RECEPCION) values ('2002','70','N2','O','567894','ID-Lenovo-PC-52348-1532488659377-0-27',to_date('10/08/18','DD/MM/RR'));
Insert into MTOBJ.TRANSMISION_ENTRADA (VE_ID,ID_ENTIDAD,TIPO_MENSAJE,TIPO_DOCUMENTO,NUMERO_DOCUMENTO,ID_MENSAJE,FECHA_RECEPCION) values ('2003','70','N2','O','637893','ID-Lenovo-PC-52348-1532488659377-0-27',to_date('10/08/18','DD/MM/RR'));
Insert into MTOBJ.TRANSMISION_ENTRADA (VE_ID,ID_ENTIDAD,TIPO_MENSAJE,TIPO_DOCUMENTO,NUMERO_DOCUMENTO,ID_MENSAJE,FECHA_RECEPCION) values ('2004','70','N2','O','967893','ID-Lenovo-PC-52348-1532488659377-0-27',to_date('10/08/18','DD/MM/RR'));
Insert into MTOBJ.TRANSMISION_ENTRADA (VE_ID,ID_ENTIDAD,TIPO_MENSAJE,TIPO_DOCUMENTO,NUMERO_DOCUMENTO,ID_MENSAJE,FECHA_RECEPCION) values ('4003','75','N2','O','867893','ID-Lenovo-PC-52348-1532488659377-0-27',to_date('10/08/18','DD/MM/RR'));
Insert into MTOBJ.TRANSMISION_ENTRADA (VE_ID,ID_ENTIDAD,TIPO_MENSAJE,TIPO_DOCUMENTO,NUMERO_DOCUMENTO,ID_MENSAJE,FECHA_RECEPCION) values ('4001','75','N2','O','467893','ID-Lenovo-PC-52348-1532488659377-0-27',to_date('10/08/18','DD/MM/RR'));
Insert into MTOBJ.TRANSMISION_ENTRADA (VE_ID,ID_ENTIDAD,TIPO_MENSAJE,TIPO_DOCUMENTO,NUMERO_DOCUMENTO,ID_MENSAJE,FECHA_RECEPCION) values ('4002','75','N2','O','367893','ID-Lenovo-PC-52348-1532488659377-0-27',to_date('10/08/18','DD/MM/RR'));
Insert into MTOBJ.TRANSMISION_ENTRADA (VE_ID,ID_ENTIDAD,TIPO_MENSAJE,TIPO_DOCUMENTO,NUMERO_DOCUMENTO,ID_MENSAJE,FECHA_RECEPCION) values ('4004','75','N2','O','967893','ID-Lenovo-PC-52348-1532488659377-0-27',to_date('10/08/18','DD/MM/RR'));
Insert into MTOBJ.TRANSMISION_ENTRADA (VE_ID,ID_ENTIDAD,TIPO_MENSAJE,TIPO_DOCUMENTO,NUMERO_DOCUMENTO,ID_MENSAJE,FECHA_RECEPCION) values ('4005','75','N2','O','567893','ID-Lenovo-PC-52348-1532488659377-0-27',to_date('20/08/18','DD/MM/RR'));
Insert into MTOBJ.TRANSMISION_ENTRADA (VE_ID,ID_ENTIDAD,TIPO_MENSAJE,TIPO_DOCUMENTO,NUMERO_DOCUMENTO,ID_MENSAJE,FECHA_RECEPCION) values ('4006','75','N2','O','787893','ID-Lenovo-PC-52348-1532488659377-0-27',to_date('20/08/18','DD/MM/RR'));
REM INSERTING into MTOBJ.TRANSMISION_SALIDA
SET DEFINE OFF;
Insert into MTOBJ.TRANSMISION_SALIDA (ID_MENSAJE,FECHA_HORA_RESPUESTA,FECHA_HORA_SOLICITUD,HAY_FALLA,DESCRIPCION_FALLA,NOMBRE_OPERACION,NOMBRE_USUARIO,VERSION,TIEMPO_RESPUESTA) values ('ID-Lenovo-PC-50230-1533172757751-0-22',to_date('15/08/18','DD/MM/RR'),to_date('15/08/18','DD/MM/RR'),'1','No hay falla','urn:obtenerTransaccionesPendientes','WSAPN','1.0','-2819000');
Insert into MTOBJ.TRANSMISION_SALIDA (ID_MENSAJE,FECHA_HORA_RESPUESTA,FECHA_HORA_SOLICITUD,HAY_FALLA,DESCRIPCION_FALLA,NOMBRE_OPERACION,NOMBRE_USUARIO,VERSION,TIEMPO_RESPUESTA) values ('ID-Lenovo-PC-50230-1533172757751-0-27',to_date('15/08/18','DD/MM/RR'),to_date('15/08/18','DD/MM/RR'),'0','No hay falla','urn:obtenerTransaccionesPendientes','WSAPN','1.0','0');
Insert into MTOBJ.TRANSMISION_SALIDA (ID_MENSAJE,FECHA_HORA_RESPUESTA,FECHA_HORA_SOLICITUD,HAY_FALLA,DESCRIPCION_FALLA,NOMBRE_OPERACION,NOMBRE_USUARIO,VERSION,TIEMPO_RESPUESTA) values ('ID-Lenovo-PC-50230-1533172757751-0-37',to_date('01/08/18','DD/MM/RR'),to_date('01/08/18','DD/MM/RR'),'0','No hay falla','urn:obtenerTransaccionesPendientes','WSSENASA','1.0','0');
Insert into MTOBJ.TRANSMISION_SALIDA (ID_MENSAJE,FECHA_HORA_RESPUESTA,FECHA_HORA_SOLICITUD,HAY_FALLA,DESCRIPCION_FALLA,NOMBRE_OPERACION,NOMBRE_USUARIO,VERSION,TIEMPO_RESPUESTA) values ('ID-Lenovo-PC-50230-1533172757751-0-42',to_date('15/08/18','DD/MM/RR'),to_date('15/08/18','DD/MM/RR'),'1','No hay falla','urn:obtenerTransaccionesPendientes','WSAPN','1.0','0');
Insert into MTOBJ.TRANSMISION_SALIDA (ID_MENSAJE,FECHA_HORA_RESPUESTA,FECHA_HORA_SOLICITUD,HAY_FALLA,DESCRIPCION_FALLA,NOMBRE_OPERACION,NOMBRE_USUARIO,VERSION,TIEMPO_RESPUESTA) values ('ID-Lenovo-PC-50230-1533172757751-0-47',to_date('15/08/18','DD/MM/RR'),to_date('15/08/18','DD/MM/RR'),'0','No hay falla','urn:obtenerTransaccionesPendientes','WSAPN','1.0','0');
Insert into MTOBJ.TRANSMISION_SALIDA (ID_MENSAJE,FECHA_HORA_RESPUESTA,FECHA_HORA_SOLICITUD,HAY_FALLA,DESCRIPCION_FALLA,NOMBRE_OPERACION,NOMBRE_USUARIO,VERSION,TIEMPO_RESPUESTA) values ('ID-Lenovo-PC-50230-1533172757751-0-52',to_date('23/08/18','DD/MM/RR'),to_date('15/08/18','DD/MM/RR'),'1','No hay falla','urn:obtenerTransaccionesPendientes','WSAPN','1.0','691200000');
Insert into MTOBJ.TRANSMISION_SALIDA (ID_MENSAJE,FECHA_HORA_RESPUESTA,FECHA_HORA_SOLICITUD,HAY_FALLA,DESCRIPCION_FALLA,NOMBRE_OPERACION,NOMBRE_USUARIO,VERSION,TIEMPO_RESPUESTA) values ('ID-Lenovo-PC-50230-1533172757751-0-12',to_date('01/08/18','DD/MM/RR'),to_date('01/08/18','DD/MM/RR'),'0','No hay falla','urn:obtenerTransaccionesPendientes','WSAPN','1.0','0');
Insert into MTOBJ.TRANSMISION_SALIDA (ID_MENSAJE,FECHA_HORA_RESPUESTA,FECHA_HORA_SOLICITUD,HAY_FALLA,DESCRIPCION_FALLA,NOMBRE_OPERACION,NOMBRE_USUARIO,VERSION,TIEMPO_RESPUESTA) values ('ID-Lenovo-PC-50230-1533172757751-0-17',to_date('01/08/18','DD/MM/RR'),to_date('01/08/18','DD/MM/RR'),'0','No hay falla','urn:obtenerTransaccionesPendientes','WSAPN','1.0','0');
Insert into MTOBJ.TRANSMISION_SALIDA (ID_MENSAJE,FECHA_HORA_RESPUESTA,FECHA_HORA_SOLICITUD,HAY_FALLA,DESCRIPCION_FALLA,NOMBRE_OPERACION,NOMBRE_USUARIO,VERSION,TIEMPO_RESPUESTA) values ('ID-Lenovo-PC-50230-1533172757751-0-57',to_date('01/08/18','DD/MM/RR'),to_date('01/08/18','DD/MM/RR'),'0','No hay falla','urn:obtenerTransaccionesPendientes','WSAPN','1.0','0');
Insert into MTOBJ.TRANSMISION_SALIDA (ID_MENSAJE,FECHA_HORA_RESPUESTA,FECHA_HORA_SOLICITUD,HAY_FALLA,DESCRIPCION_FALLA,NOMBRE_OPERACION,NOMBRE_USUARIO,VERSION,TIEMPO_RESPUESTA) values ('ID-Lenovo-PC-52348-1532488659377-0-12',to_date('15/08/18','DD/MM/RR'),to_date('15/08/18','DD/MM/RR'),'0','No hay falla','urn:confirmarRecepcionMensaje','WSAPN','1.0','0');
Insert into MTOBJ.TRANSMISION_SALIDA (ID_MENSAJE,FECHA_HORA_RESPUESTA,FECHA_HORA_SOLICITUD,HAY_FALLA,DESCRIPCION_FALLA,NOMBRE_OPERACION,NOMBRE_USUARIO,VERSION,TIEMPO_RESPUESTA) values ('ID-Lenovo-PC-52348-1532488659377-0-17',to_date('24/07/18','DD/MM/RR'),to_date('24/07/18','DD/MM/RR'),'0','No hay falla','urn:obtenerTransaccionesPendientes','WSAPN','1.0','0');
Insert into MTOBJ.TRANSMISION_SALIDA (ID_MENSAJE,FECHA_HORA_RESPUESTA,FECHA_HORA_SOLICITUD,HAY_FALLA,DESCRIPCION_FALLA,NOMBRE_OPERACION,NOMBRE_USUARIO,VERSION,TIEMPO_RESPUESTA) values ('ID-Lenovo-PC-52348-1532488659377-0-22',to_date('24/07/18','DD/MM/RR'),to_date('24/07/18','DD/MM/RR'),'0','No hay falla','urn:obtenerTransaccionesPendientes','WSAPN','1.0','0');
Insert into MTOBJ.TRANSMISION_SALIDA (ID_MENSAJE,FECHA_HORA_RESPUESTA,FECHA_HORA_SOLICITUD,HAY_FALLA,DESCRIPCION_FALLA,NOMBRE_OPERACION,NOMBRE_USUARIO,VERSION,TIEMPO_RESPUESTA) values ('ID-Lenovo-PC-52348-1532488659377-0-27',to_date('24/07/18','DD/MM/RR'),to_date('24/07/18','DD/MM/RR'),'1','No hay falla','urn:enviarNotificaciones','WSAPN','1.0','0');
Insert into MTOBJ.TRANSMISION_SALIDA (ID_MENSAJE,FECHA_HORA_RESPUESTA,FECHA_HORA_SOLICITUD,HAY_FALLA,DESCRIPCION_FALLA,NOMBRE_OPERACION,NOMBRE_USUARIO,VERSION,TIEMPO_RESPUESTA) values ('ID-Lenovo-PC-52348-1532488659377-0-32',to_date('24/07/18','DD/MM/RR'),to_date('24/07/18','DD/MM/RR'),'0','No hay falla','urn:obtenerTransaccionesPendientes','WSAPN','1.0','0');
Insert into MTOBJ.TRANSMISION_SALIDA (ID_MENSAJE,FECHA_HORA_RESPUESTA,FECHA_HORA_SOLICITUD,HAY_FALLA,DESCRIPCION_FALLA,NOMBRE_OPERACION,NOMBRE_USUARIO,VERSION,TIEMPO_RESPUESTA) values ('ID-Lenovo-PC-57091-1532914810073-0-2',to_date('15/08/18','DD/MM/RR'),to_date('15/08/18','DD/MM/RR'),'0','No hay falla','urn:obtenerTransaccionesPendientes','WSAPN','1.0','0');
Insert into MTOBJ.TRANSMISION_SALIDA (ID_MENSAJE,FECHA_HORA_RESPUESTA,FECHA_HORA_SOLICITUD,HAY_FALLA,DESCRIPCION_FALLA,NOMBRE_OPERACION,NOMBRE_USUARIO,VERSION,TIEMPO_RESPUESTA) values ('ID-Lenovo-PC-52348-1532488659377-0-2',to_date('15/08/18','DD/MM/RR'),to_date('15/08/18','DD/MM/RR'),'1','No hay falla','urn:obtenerTransaccionesPendientes','WSAPN','1.0','0');
Insert into MTOBJ.TRANSMISION_SALIDA (ID_MENSAJE,FECHA_HORA_RESPUESTA,FECHA_HORA_SOLICITUD,HAY_FALLA,DESCRIPCION_FALLA,NOMBRE_OPERACION,NOMBRE_USUARIO,VERSION,TIEMPO_RESPUESTA) values ('ID-Lenovo-PC-52348-1532488659377-0-7',to_date('15/08/18','DD/MM/RR'),to_date('15/08/18','DD/MM/RR'),'0','No hay falla','urn:confirmarRecepcionMensaje','WSAPN','1.0','0');
Insert into MTOBJ.TRANSMISION_SALIDA (ID_MENSAJE,FECHA_HORA_RESPUESTA,FECHA_HORA_SOLICITUD,HAY_FALLA,DESCRIPCION_FALLA,NOMBRE_OPERACION,NOMBRE_USUARIO,VERSION,TIEMPO_RESPUESTA) values ('ID-DESKTOP-SQNUP0V-53894-1540763981458-0-2',to_date('28/10/18','DD/MM/RR'),to_date('28/10/18','DD/MM/RR'),'0','No hay falla','urn:obtenerTransaccionesPendientes','WSAPN','1.0',null);
REM INSERTING into MTOBJ.TX_CONFIGURACION_MONI
SET DEFINE OFF;
Insert into MTOBJ.TX_CONFIGURACION_MONI (ID_ENTIDAD,SLA_NOMBRE,SLA_VALOR) values ('1','SLA1','1');
Insert into MTOBJ.TX_CONFIGURACION_MONI (ID_ENTIDAD,SLA_NOMBRE,SLA_VALOR) values ('2','SLA1','3');
Insert into MTOBJ.TX_CONFIGURACION_MONI (ID_ENTIDAD,SLA_NOMBRE,SLA_VALOR) values ('1','SLA2','2');
Insert into MTOBJ.TX_CONFIGURACION_MONI (ID_ENTIDAD,SLA_NOMBRE,SLA_VALOR) values ('1','SLA3','5');
Insert into MTOBJ.TX_CONFIGURACION_MONI (ID_ENTIDAD,SLA_NOMBRE,SLA_VALOR) values ('1','SLA4','1');
Insert into MTOBJ.TX_CONFIGURACION_MONI (ID_ENTIDAD,SLA_NOMBRE,SLA_VALOR) values ('1','SLA5','3');
Insert into MTOBJ.TX_CONFIGURACION_MONI (ID_ENTIDAD,SLA_NOMBRE,SLA_VALOR) values ('2','SLA2','4');
Insert into MTOBJ.TX_CONFIGURACION_MONI (ID_ENTIDAD,SLA_NOMBRE,SLA_VALOR) values ('2','SLA3','5');
Insert into MTOBJ.TX_CONFIGURACION_MONI (ID_ENTIDAD,SLA_NOMBRE,SLA_VALOR) values ('2','SLA4','2');
Insert into MTOBJ.TX_CONFIGURACION_MONI (ID_ENTIDAD,SLA_NOMBRE,SLA_VALOR) values ('2','SLA5','6');
REM INSERTING into MTOBJ.TX_CON_INCIDENTE
SET DEFINE OFF;
Insert into MTOBJ.TX_CON_INCIDENTE (COD_ENTIDAD,SIGLA_ENTIDAD,CANTIDAD_TRANS_ENTRADA,CANTIDAD_TRANS_SALIDA) values ('1','DIGESA','20','60');
Insert into MTOBJ.TX_CON_INCIDENTE (COD_ENTIDAD,SIGLA_ENTIDAD,CANTIDAD_TRANS_ENTRADA,CANTIDAD_TRANS_SALIDA) values ('2','MTC','40','32');
Insert into MTOBJ.TX_CON_INCIDENTE (COD_ENTIDAD,SIGLA_ENTIDAD,CANTIDAD_TRANS_ENTRADA,CANTIDAD_TRANS_SALIDA) values ('3','SENASA','120','10');
Insert into MTOBJ.TX_CON_INCIDENTE (COD_ENTIDAD,SIGLA_ENTIDAD,CANTIDAD_TRANS_ENTRADA,CANTIDAD_TRANS_SALIDA) values ('4','SANIPES','44','74');
Insert into MTOBJ.TX_CON_INCIDENTE (COD_ENTIDAD,SIGLA_ENTIDAD,CANTIDAD_TRANS_ENTRADA,CANTIDAD_TRANS_SALIDA) values ('5','DIGEMID','54','21');
Insert into MTOBJ.TX_CON_INCIDENTE (COD_ENTIDAD,SIGLA_ENTIDAD,CANTIDAD_TRANS_ENTRADA,CANTIDAD_TRANS_SALIDA) values ('6','PRODUCE','26','47');
Insert into MTOBJ.TX_CON_INCIDENTE (COD_ENTIDAD,SIGLA_ENTIDAD,CANTIDAD_TRANS_ENTRADA,CANTIDAD_TRANS_SALIDA) values ('9','MINCETUR','65','48');
Insert into MTOBJ.TX_CON_INCIDENTE (COD_ENTIDAD,SIGLA_ENTIDAD,CANTIDAD_TRANS_ENTRADA,CANTIDAD_TRANS_SALIDA) values ('13','SERFOR','56','69');
Insert into MTOBJ.TX_CON_INCIDENTE (COD_ENTIDAD,SIGLA_ENTIDAD,CANTIDAD_TRANS_ENTRADA,CANTIDAD_TRANS_SALIDA) values ('35','MINAGRI','45','48');
Insert into MTOBJ.TX_CON_INCIDENTE (COD_ENTIDAD,SIGLA_ENTIDAD,CANTIDAD_TRANS_ENTRADA,CANTIDAD_TRANS_SALIDA) values ('36','IPEN','65','58');
Insert into MTOBJ.TX_CON_INCIDENTE (COD_ENTIDAD,SIGLA_ENTIDAD,CANTIDAD_TRANS_ENTRADA,CANTIDAD_TRANS_SALIDA) values ('37','SUCAMEC','78','64');
Insert into MTOBJ.TX_CON_INCIDENTE (COD_ENTIDAD,SIGLA_ENTIDAD,CANTIDAD_TRANS_ENTRADA,CANTIDAD_TRANS_SALIDA) values ('41','MINEM','98','54');
Insert into MTOBJ.TX_CON_INCIDENTE (COD_ENTIDAD,SIGLA_ENTIDAD,CANTIDAD_TRANS_ENTRADA,CANTIDAD_TRANS_SALIDA) values ('44','BNP','45','65');
Insert into MTOBJ.TX_CON_INCIDENTE (COD_ENTIDAD,SIGLA_ENTIDAD,CANTIDAD_TRANS_ENTRADA,CANTIDAD_TRANS_SALIDA) values ('45','AGN','45','46');
REM INSERTING into MTOBJ.TX_ENTIDAD
SET DEFINE OFF;
Insert into MTOBJ.TX_ENTIDAD (ID_ENTIDAD,DESCRIPCION,COLOR,ESTADO) values ('1','DIGESA','rgb(255, 99, 132)','A');
Insert into MTOBJ.TX_ENTIDAD (ID_ENTIDAD,DESCRIPCION,COLOR,ESTADO) values ('2','MTC','rgb(255, 159, 64)','A');
Insert into MTOBJ.TX_ENTIDAD (ID_ENTIDAD,DESCRIPCION,COLOR,ESTADO) values ('3','SENASA','rgb(255, 205, 86)','A');
Insert into MTOBJ.TX_ENTIDAD (ID_ENTIDAD,DESCRIPCION,COLOR,ESTADO) values ('4','SANIPES','rgb(75, 192, 192)','A');
Insert into MTOBJ.TX_ENTIDAD (ID_ENTIDAD,DESCRIPCION,COLOR,ESTADO) values ('5','DIGEMID','rgb(54, 162, 235)','A');
Insert into MTOBJ.TX_ENTIDAD (ID_ENTIDAD,DESCRIPCION,COLOR,ESTADO) values ('6','PRODUCE','rgb(153, 102, 255)','A');
Insert into MTOBJ.TX_ENTIDAD (ID_ENTIDAD,DESCRIPCION,COLOR,ESTADO) values ('9','MINCETUR','rgb(201, 203, 207)','A');
Insert into MTOBJ.TX_ENTIDAD (ID_ENTIDAD,DESCRIPCION,COLOR,ESTADO) values ('13','SERFOR','rgb(112, 133, 174)','A');
Insert into MTOBJ.TX_ENTIDAD (ID_ENTIDAD,DESCRIPCION,COLOR,ESTADO) values ('35','MINAGRI','rgb(73, 76, 165)','A');
Insert into MTOBJ.TX_ENTIDAD (ID_ENTIDAD,DESCRIPCION,COLOR,ESTADO) values ('36','IPEN','rgb(15, 237, 207)','A');
Insert into MTOBJ.TX_ENTIDAD (ID_ENTIDAD,DESCRIPCION,COLOR,ESTADO) values ('37','SUCAMEC','rgb(231, 128, 21)','A');
Insert into MTOBJ.TX_ENTIDAD (ID_ENTIDAD,DESCRIPCION,COLOR,ESTADO) values ('41','MINEM','rgb(239, 20, 20)','A');
Insert into MTOBJ.TX_ENTIDAD (ID_ENTIDAD,DESCRIPCION,COLOR,ESTADO) values ('44','BNP','rgb(25, 33, 130)','A');
Insert into MTOBJ.TX_ENTIDAD (ID_ENTIDAD,DESCRIPCION,COLOR,ESTADO) values ('45','AGN','rgb(53, 213, 205)','A');
REM INSERTING into MTOBJ.TX_PARAMETRO
SET DEFINE OFF;
Insert into MTOBJ.TX_PARAMETRO (CODIGO,TIPO_PARAMETRO,VALOR_PARAMETRO,DESC_PARAMETRO) values ('1','TIPODOC','O','Orden ');
Insert into MTOBJ.TX_PARAMETRO (CODIGO,TIPO_PARAMETRO,VALOR_PARAMETRO,DESC_PARAMETRO) values ('2','TIPODOC','MTO','Modificación Temporal de la Orden');
Insert into MTOBJ.TX_PARAMETRO (CODIGO,TIPO_PARAMETRO,VALOR_PARAMETRO,DESC_PARAMETRO) values ('3','TIPODOC','S','SUCE');
Insert into MTOBJ.TX_PARAMETRO (CODIGO,TIPO_PARAMETRO,VALOR_PARAMETRO,DESC_PARAMETRO) values ('4','TIPODOC','DR','Documento Resolutivo');
Insert into MTOBJ.TX_PARAMETRO (CODIGO,TIPO_PARAMETRO,VALOR_PARAMETRO,DESC_PARAMETRO) values ('5','TIPODOC','T','Ticket Notificación');
Insert into MTOBJ.TX_PARAMETRO (CODIGO,TIPO_PARAMETRO,VALOR_PARAMETRO,DESC_PARAMETRO) values ('6','TIPODOC','CDA','Código de pago bancario');
Insert into MTOBJ.TX_PARAMETRO (CODIGO,TIPO_PARAMETRO,VALOR_PARAMETRO,DESC_PARAMETRO) values ('7','TIPODOC','E','Expediente');
Insert into MTOBJ.TX_PARAMETRO (CODIGO,TIPO_PARAMETRO,VALOR_PARAMETRO,DESC_PARAMETRO) values ('8','TIPODOC','CT','Consulta Técnica');
Insert into MTOBJ.TX_PARAMETRO (CODIGO,TIPO_PARAMETRO,VALOR_PARAMETRO,DESC_PARAMETRO) values ('9','TIPOMSJ','N1','Registro de una Orden');
Insert into MTOBJ.TX_PARAMETRO (CODIGO,TIPO_PARAMETRO,VALOR_PARAMETRO,DESC_PARAMETRO) values ('10','TIPOMSJ','N2','Confirmación de Aceptación de una Orden (con o sin tasa)');
Insert into MTOBJ.TX_PARAMETRO (CODIGO,TIPO_PARAMETRO,VALOR_PARAMETRO,DESC_PARAMETRO) values ('11','TIPOMSJ','N4','Envío de CDA a Entidad');
Insert into MTOBJ.TX_PARAMETRO (CODIGO,TIPO_PARAMETRO,VALOR_PARAMETRO,DESC_PARAMETRO) values ('12','TIPOMSJ','N6','Notificación de pago de CDA a Entidad con numeración SUCE');
Insert into MTOBJ.TX_PARAMETRO (CODIGO,TIPO_PARAMETRO,VALOR_PARAMETRO,DESC_PARAMETRO) values ('13','TIPOMSJ','N7','Notificación de inicio de trámite, consignando número de Expediente');
Insert into MTOBJ.TX_PARAMETRO (CODIGO,TIPO_PARAMETRO,VALOR_PARAMETRO,DESC_PARAMETRO) values ('14','TIPOMSJ','N8','Notificación de resolución de aprobación de una SUCE, consignando Documento Resolutivo');
Insert into MTOBJ.TX_PARAMETRO (CODIGO,TIPO_PARAMETRO,VALOR_PARAMETRO,DESC_PARAMETRO) values ('15','TIPOMSJ','N9','Notificación de resolución de denegación de una SUCE');
Insert into MTOBJ.TX_PARAMETRO (CODIGO,TIPO_PARAMETRO,VALOR_PARAMETRO,DESC_PARAMETRO) values ('17','TIPOMSJ','N11','Notificación de subsanación de la Orden');
Insert into MTOBJ.TX_PARAMETRO (CODIGO,TIPO_PARAMETRO,VALOR_PARAMETRO,DESC_PARAMETRO) values ('18','TIPOMSJ','N14','Envío de Modificación Temporal de Orden (MTO) a la Entidad');
Insert into MTOBJ.TX_PARAMETRO (CODIGO,TIPO_PARAMETRO,VALOR_PARAMETRO,DESC_PARAMETRO) values ('19','TIPOMSJ','N15','Notificación de rechazo de la MTO');
Insert into MTOBJ.TX_PARAMETRO (CODIGO,TIPO_PARAMETRO,VALOR_PARAMETRO,DESC_PARAMETRO) values ('20','TIPOMSJ','N17','Notificación de subsanación de SUCE');
Insert into MTOBJ.TX_PARAMETRO (CODIGO,TIPO_PARAMETRO,VALOR_PARAMETRO,DESC_PARAMETRO) values ('21','TIPOMSJ','N18','Envío de Modificación de una SUCE');
Insert into MTOBJ.TX_PARAMETRO (CODIGO,TIPO_PARAMETRO,VALOR_PARAMETRO,DESC_PARAMETRO) values ('22','TIPOMSJ','N19','Rechazo de Modificación de una SUCE');
Insert into MTOBJ.TX_PARAMETRO (CODIGO,TIPO_PARAMETRO,VALOR_PARAMETRO,DESC_PARAMETRO) values ('23','TIPOMSJ','N20','Aceptación de Modificación de una SUCE');
Insert into MTOBJ.TX_PARAMETRO (CODIGO,TIPO_PARAMETRO,VALOR_PARAMETRO,DESC_PARAMETRO) values ('24','TIPOMSJ','N21','Aprobación de Modificación de ampliación de plazo');
Insert into MTOBJ.TX_PARAMETRO (CODIGO,TIPO_PARAMETRO,VALOR_PARAMETRO,DESC_PARAMETRO) values ('25','TIPOMSJ','N22','Aprobación de Modificación de una SUCE');
Insert into MTOBJ.TX_PARAMETRO (CODIGO,TIPO_PARAMETRO,VALOR_PARAMETRO,DESC_PARAMETRO) values ('26','TIPOMSJ','N23','Notificación de pago de CDA a Entidad por Modificación de la SUCE');
Insert into MTOBJ.TX_PARAMETRO (CODIGO,TIPO_PARAMETRO,VALOR_PARAMETRO,DESC_PARAMETRO) values ('27','TIPOMSJ','N24','Envío de Solicitud de Rectificación de un Documento Autorizante');
Insert into MTOBJ.TX_PARAMETRO (CODIGO,TIPO_PARAMETRO,VALOR_PARAMETRO,DESC_PARAMETRO) values ('28','TIPOMSJ','N25','Aprobación de Solicitud de Rectificación de un Documento Autorizante');
Insert into MTOBJ.TX_PARAMETRO (CODIGO,TIPO_PARAMETRO,VALOR_PARAMETRO,DESC_PARAMETRO) values ('29','TIPOMSJ','N26','Rechazo de Solicitud de Rectificación de un Documento Autorizante');
Insert into MTOBJ.TX_PARAMETRO (CODIGO,TIPO_PARAMETRO,VALOR_PARAMETRO,DESC_PARAMETRO) values ('30','TIPOMSJ','N27','Solicitud de Oficio para la Rectificación de un Documento Autorizante');
Insert into MTOBJ.TX_PARAMETRO (CODIGO,TIPO_PARAMETRO,VALOR_PARAMETRO,DESC_PARAMETRO) values ('31','TIPOMSJ','N28','Notificación de Documento Autorizante (Rectificación)');
Insert into MTOBJ.TX_PARAMETRO (CODIGO,TIPO_PARAMETRO,VALOR_PARAMETRO,DESC_PARAMETRO) values ('32','TIPOMSJ','N29','Notificación de pago de CDA a Entidad por Rectificación de un Documento Autorizante');
Insert into MTOBJ.TX_PARAMETRO (CODIGO,TIPO_PARAMETRO,VALOR_PARAMETRO,DESC_PARAMETRO) values ('33','TIPOMSJ','N31','Notificación Desistir Orden');
Insert into MTOBJ.TX_PARAMETRO (CODIGO,TIPO_PARAMETRO,VALOR_PARAMETRO,DESC_PARAMETRO) values ('34','TIPOMSJ','N32','Notificación Desistir SUCE');
Insert into MTOBJ.TX_PARAMETRO (CODIGO,TIPO_PARAMETRO,VALOR_PARAMETRO,DESC_PARAMETRO) values ('35','TIPOMSJ','N33','Enviar Notificación Ticket');
Insert into MTOBJ.TX_PARAMETRO (CODIGO,TIPO_PARAMETRO,VALOR_PARAMETRO,DESC_PARAMETRO) values ('36','TIPOMSJ','N34','Enviar Consulta Técnica');
Insert into MTOBJ.TX_PARAMETRO (CODIGO,TIPO_PARAMETRO,VALOR_PARAMETRO,DESC_PARAMETRO) values ('37','TIPOMSJ','N35','Notificación de Respuesta de Consulta Técnica');
Insert into MTOBJ.TX_PARAMETRO (CODIGO,TIPO_PARAMETRO,VALOR_PARAMETRO,DESC_PARAMETRO) values ('38','TIPOMSJ','N36','Notificación de Trazabilidad');
Insert into MTOBJ.TX_PARAMETRO (CODIGO,TIPO_PARAMETRO,VALOR_PARAMETRO,DESC_PARAMETRO) values ('39','TIPOMSJ','N37','Notificación de Confirmación de Lectura de Buzón');
Insert into MTOBJ.TX_PARAMETRO (CODIGO,TIPO_PARAMETRO,VALOR_PARAMETRO,DESC_PARAMETRO) values ('40','TIPOMSJ','N38','Notificación de Expiración Orden');
Insert into MTOBJ.TX_PARAMETRO (CODIGO,TIPO_PARAMETRO,VALOR_PARAMETRO,DESC_PARAMETRO) values ('41','TIPOTRAN','2','Con incidentes');
Insert into MTOBJ.TX_PARAMETRO (CODIGO,TIPO_PARAMETRO,VALOR_PARAMETRO,DESC_PARAMETRO) values ('42','TIPOINCI','1','Incumplimiento del tiempo de confirmación de una transmisión de entrada');
Insert into MTOBJ.TX_PARAMETRO (CODIGO,TIPO_PARAMETRO,VALOR_PARAMETRO,DESC_PARAMETRO) values ('43','TIPOINCI','2','Transmisión de salida procesada incorrectamente en la entidad');
Insert into MTOBJ.TX_PARAMETRO (CODIGO,TIPO_PARAMETRO,VALOR_PARAMETRO,DESC_PARAMETRO) values ('44','TIPOINCI','3','Transmisión de entrada  procesada incorrectamente por la VUCE');
Insert into MTOBJ.TX_PARAMETRO (CODIGO,TIPO_PARAMETRO,VALOR_PARAMETRO,DESC_PARAMETRO) values ('45','TIPOINCI','4','Incumplimiento del tiempo de procesamiento de una transmisión de entrada');
Insert into MTOBJ.TX_PARAMETRO (CODIGO,TIPO_PARAMETRO,VALOR_PARAMETRO,DESC_PARAMETRO) values ('46','TIPOINCI','5','Incumplimiento del tiempo de disponibilidad de una transmisión de salida.');
Insert into MTOBJ.TX_PARAMETRO (CODIGO,TIPO_PARAMETRO,VALOR_PARAMETRO,DESC_PARAMETRO) values ('47','TIPOINCI','6','Incumplimiento de la frecuencia de lectura');
Insert into MTOBJ.TX_PARAMETRO (CODIGO,TIPO_PARAMETRO,VALOR_PARAMETRO,DESC_PARAMETRO) values ('48','ESTVUCCENT','1','Por enviar a ve');
Insert into MTOBJ.TX_PARAMETRO (CODIGO,TIPO_PARAMETRO,VALOR_PARAMETRO,DESC_PARAMETRO) values ('49','ESTVUCCENT','2','Confirmado ve');
Insert into MTOBJ.TX_PARAMETRO (CODIGO,TIPO_PARAMETRO,VALOR_PARAMETRO,DESC_PARAMETRO) values ('50','ESTVUCCENT','3','Confirmado E');
Insert into MTOBJ.TX_PARAMETRO (CODIGO,TIPO_PARAMETRO,VALOR_PARAMETRO,DESC_PARAMETRO) values ('51','ESTVUCCENT','4','Confirmado en vc');
Insert into MTOBJ.TX_PARAMETRO (CODIGO,TIPO_PARAMETRO,VALOR_PARAMETRO,DESC_PARAMETRO) values ('52','ESTVUCCENT','5','Por enviar a sunat');
Insert into MTOBJ.TX_PARAMETRO (CODIGO,TIPO_PARAMETRO,VALOR_PARAMETRO,DESC_PARAMETRO) values ('53','ESTVUCCENT','6','Enviado a sunat (confirmado)');
Insert into MTOBJ.TX_PARAMETRO (CODIGO,TIPO_PARAMETRO,VALOR_PARAMETRO,DESC_PARAMETRO) values ('54','ESTVUCCENT','7','Recibido de sunat');
Insert into MTOBJ.TX_PARAMETRO (CODIGO,TIPO_PARAMETRO,VALOR_PARAMETRO,DESC_PARAMETRO) values ('55','ESTVUCCENT','8','Por reenviar');
Insert into MTOBJ.TX_PARAMETRO (CODIGO,TIPO_PARAMETRO,VALOR_PARAMETRO,DESC_PARAMETRO) values ('56','ESTVUCCENT','9','Por enviar a empresa externa');
Insert into MTOBJ.TX_PARAMETRO (CODIGO,TIPO_PARAMETRO,VALOR_PARAMETRO,DESC_PARAMETRO) values ('57','ESTVUCCENT','10','Enviado a empresa externa (sin confirmar)');
Insert into MTOBJ.TX_PARAMETRO (CODIGO,TIPO_PARAMETRO,VALOR_PARAMETRO,DESC_PARAMETRO) values ('58','ESTVUCCENT','11','Enviado a empresa externa (confirmado)');
Insert into MTOBJ.TX_PARAMETRO (CODIGO,TIPO_PARAMETRO,VALOR_PARAMETRO,DESC_PARAMETRO) values ('59','ESTVUCCENT','12','Recibido de empresa externa');
Insert into MTOBJ.TX_PARAMETRO (CODIGO,TIPO_PARAMETRO,VALOR_PARAMETRO,DESC_PARAMETRO) values ('60','ESTVUCCENT','13','Procesado');
Insert into MTOBJ.TX_PARAMETRO (CODIGO,TIPO_PARAMETRO,VALOR_PARAMETRO,DESC_PARAMETRO) values ('61','ESTVUCCENT','14','Procesado con errores');
Insert into MTOBJ.TX_PARAMETRO (CODIGO,TIPO_PARAMETRO,VALOR_PARAMETRO,DESC_PARAMETRO) values ('62','ESTVUCCENT','15','Por procesar');
Insert into MTOBJ.TX_PARAMETRO (CODIGO,TIPO_PARAMETRO,VALOR_PARAMETRO,DESC_PARAMETRO) values ('63','ESTVUCCENT','16','Desactivado');
Insert into MTOBJ.TX_PARAMETRO (CODIGO,TIPO_PARAMETRO,VALOR_PARAMETRO,DESC_PARAMETRO) values ('64','ESTVUCCENT','17','Procesado con errores en entidad');
Insert into MTOBJ.TX_PARAMETRO (CODIGO,TIPO_PARAMETRO,VALOR_PARAMETRO,DESC_PARAMETRO) values ('65','ESTVUCCENT','18','Confirmado con rectificacion');
Insert into MTOBJ.TX_PARAMETRO (CODIGO,TIPO_PARAMETRO,VALOR_PARAMETRO,DESC_PARAMETRO) values ('66','ESTVUCCENT','19','Por enviar a vuce pack');
Insert into MTOBJ.TX_PARAMETRO (CODIGO,TIPO_PARAMETRO,VALOR_PARAMETRO,DESC_PARAMETRO) values ('67','ESTVUCCENT','20','Confirmado por vuce pack');
Insert into MTOBJ.TX_PARAMETRO (CODIGO,TIPO_PARAMETRO,VALOR_PARAMETRO,DESC_PARAMETRO) values ('68','ESTVUCCENT','21','Por generar mensaje a ve');
Insert into MTOBJ.TX_PARAMETRO (CODIGO,TIPO_PARAMETRO,VALOR_PARAMETRO,DESC_PARAMETRO) values ('69','ESTVUCCENT','22','Mensaje por registrar en co vuce');
Insert into MTOBJ.TX_PARAMETRO (CODIGO,TIPO_PARAMETRO,VALOR_PARAMETRO,DESC_PARAMETRO) values ('70','ESTVUCENT','1','Por enviar a e');
Insert into MTOBJ.TX_PARAMETRO (CODIGO,TIPO_PARAMETRO,VALOR_PARAMETRO,DESC_PARAMETRO) values ('71','ESTVUCENT','2','Leído x entidad');
Insert into MTOBJ.TX_PARAMETRO (CODIGO,TIPO_PARAMETRO,VALOR_PARAMETRO,DESC_PARAMETRO) values ('72','ESTVUCENT','3','Confirmado entidad');
Insert into MTOBJ.TX_PARAMETRO (CODIGO,TIPO_PARAMETRO,VALOR_PARAMETRO,DESC_PARAMETRO) values ('73','ESTVUCENT','4','Informado a vc');
Insert into MTOBJ.TX_PARAMETRO (CODIGO,TIPO_PARAMETRO,VALOR_PARAMETRO,DESC_PARAMETRO) values ('74','ESTVUCENT','5','Por enviar a vc');
Insert into MTOBJ.TX_PARAMETRO (CODIGO,TIPO_PARAMETRO,VALOR_PARAMETRO,DESC_PARAMETRO) values ('75','ESTVUCENT','6','Confirmado en vc');
Insert into MTOBJ.TX_PARAMETRO (CODIGO,TIPO_PARAMETRO,VALOR_PARAMETRO,DESC_PARAMETRO) values ('76','ESTVUCENT','7','Por reenviar');
Insert into MTOBJ.TX_PARAMETRO (CODIGO,TIPO_PARAMETRO,VALOR_PARAMETRO,DESC_PARAMETRO) values ('77','ESTVUCENT','8','Generado por error');
Insert into MTOBJ.TX_PARAMETRO (CODIGO,TIPO_PARAMETRO,VALOR_PARAMETRO,DESC_PARAMETRO) values ('78','ESTVUCENT','9','Sincronización procesado en vc');
Insert into MTOBJ.TX_PARAMETRO (CODIGO,TIPO_PARAMETRO,VALOR_PARAMETRO,DESC_PARAMETRO) values ('79','ESTVUCENT','10','Por enviar en partes');
Insert into MTOBJ.TX_PARAMETRO (CODIGO,TIPO_PARAMETRO,VALOR_PARAMETRO,DESC_PARAMETRO) values ('80','ESTVUCENT','11','Procesado con errores en vc');
Insert into MTOBJ.TX_PARAMETRO (CODIGO,TIPO_PARAMETRO,VALOR_PARAMETRO,DESC_PARAMETRO) values ('81','ESTVUCENT','12','Procesado con errores en entidad');
Insert into MTOBJ.TX_PARAMETRO (CODIGO,TIPO_PARAMETRO,VALOR_PARAMETRO,DESC_PARAMETRO) values ('82','ESTVUCENT','13','Desactivado');
REM INSERTING into MTOBJ.TX_TRAMISIONES
SET DEFINE OFF;
Insert into MTOBJ.TX_TRAMISIONES (TIPO,TIENE_INCIDENTE,TIPO_INCIDENTE,ENTIDAD_ID,SIGLA_ENTIDAD,TIPO_MENSAJE,NOM_MENSAJE,ERROR,VC_ID,VE_ID,NOM_ESTADO_VC,ESTADO_VE,NOM_ESTADO_VE,TIPO_DOC,NOM_DOC,NUM_DOC,FECHA_REGISTRO_SALIDA,FECHA_ACTUALIZACION_SALIDA,ANTIGUEDAD_SALIDA,FORMATO,FECHA_REGISTRO_ENTRADA,FECHA_ACTUALIZACION_ENTRADA,ANTIGUEDAD_ENTRADA,ESTADO_VC) values ('2','1','1','1','APN','N1','REGISTRO SOLICITUD',null,'200','234',null,'10',null,'1','DNI','20180000123',to_date('16/11/18','DD/MM/RR'),to_date('17/11/18','DD/MM/RR'),'2','APN01',to_date('25/11/18','DD/MM/RR'),to_date('20/11/18','DD/MM/RR'),'2','3');
Insert into MTOBJ.TX_TRAMISIONES (TIPO,TIENE_INCIDENTE,TIPO_INCIDENTE,ENTIDAD_ID,SIGLA_ENTIDAD,TIPO_MENSAJE,NOM_MENSAJE,ERROR,VC_ID,VE_ID,NOM_ESTADO_VC,ESTADO_VE,NOM_ESTADO_VE,TIPO_DOC,NOM_DOC,NUM_DOC,FECHA_REGISTRO_SALIDA,FECHA_ACTUALIZACION_SALIDA,ANTIGUEDAD_SALIDA,FORMATO,FECHA_REGISTRO_ENTRADA,FECHA_ACTUALIZACION_ENTRADA,ANTIGUEDAD_ENTRADA,ESTADO_VC) values ('2','1','1','1','MTC','N1','REGISTRO SOLICITUD',null,'352','144',null,'2',null,'1','DNI','20180000146',to_date('16/11/18','DD/MM/RR'),to_date('17/11/18','DD/MM/RR'),'3','APN01',to_date('25/11/18','DD/MM/RR'),to_date('20/11/18','DD/MM/RR'),'2','3');
Insert into MTOBJ.TX_TRAMISIONES (TIPO,TIENE_INCIDENTE,TIPO_INCIDENTE,ENTIDAD_ID,SIGLA_ENTIDAD,TIPO_MENSAJE,NOM_MENSAJE,ERROR,VC_ID,VE_ID,NOM_ESTADO_VC,ESTADO_VE,NOM_ESTADO_VE,TIPO_DOC,NOM_DOC,NUM_DOC,FECHA_REGISTRO_SALIDA,FECHA_ACTUALIZACION_SALIDA,ANTIGUEDAD_SALIDA,FORMATO,FECHA_REGISTRO_ENTRADA,FECHA_ACTUALIZACION_ENTRADA,ANTIGUEDAD_ENTRADA,ESTADO_VC) values ('2','1','2','1','APN','N1','REGISTRO SOLICITUD','java.lang.NullPointerException
	at ws.crossnet.apn.presentacion.adm.beans.SessionServlet.processRequest(SessionServlet.java:42)[vfs:/content/apn-presentacion-adm-1.0.war/WEB-INF/classes:]
	at ws.crossnet.apn.presentacion.adm.beans.SessionServlet.doGet(SessionServlet.java:66)[vfs:/content/apn-presentacion-adm-1.0.war/WEB-INF/classes:]
	at javax.servlet.http.HttpServlet.service(HttpServlet.java:687)[jar:file:/home/desarrollo/wildfly-10.1.0.Final/modules/system/layers/base/javax/servlet/api/main/jboss-servlet-api_3.1_spec-1.0.0.Final.jar!/:1.0.0.Final]
	at javax.servlet.http.HttpServlet.service(HttpServlet.java:790)[jar:file:/home/desarrollo/wildfly-10.1.0.Final/modules/system/layers/base/javax/servlet/api/main/jboss-servlet-api_3.1_spec-1.0.0.Final.jar!/:1.0.0.Final]
	at io.undertow.server.handlers.PredicateHandler.handleRequest(PredicateHandler.java:43)[jar:file:/home/desarrollo/wildfly-10.1.0.Final/modules/system/layers/base/io/undertow/core/main/undertow-core-1.4.0.Final.jar!/:1.4.0.Final]
	at io.undertow.servlet.handlers.ServletInitialHandler.handleFirstRequest(ServletInitialHandler.java:292)[jar:file:/home/desarrollo/wildfly-10.1.0.Final/modules/system/layers/base/io/undertow/servlet/main/undertow-servlet-1.4.0.Final.jar!/:1.4.0.Final]
	at io.undertow.servlet.handlers.ServletInitialHandler.access$100(ServletInitialHandler.java:81)[jar:file:/home/desarrollo/wildfly-10.1.0.Final/modules/system/layers/base/io/undertow/servlet/main/undertow-servlet-1.4.0.Final.jar!/:1.4.0.Final]
	','456','97',null,'2',null,'1','DNI','20180000566',to_date('16/11/18','DD/MM/RR'),to_date('17/11/18','DD/MM/RR'),'2','APN04',to_date('25/11/18','DD/MM/RR'),to_date('20/11/18','DD/MM/RR'),'5','3');
Insert into MTOBJ.TX_TRAMISIONES (TIPO,TIENE_INCIDENTE,TIPO_INCIDENTE,ENTIDAD_ID,SIGLA_ENTIDAD,TIPO_MENSAJE,NOM_MENSAJE,ERROR,VC_ID,VE_ID,NOM_ESTADO_VC,ESTADO_VE,NOM_ESTADO_VE,TIPO_DOC,NOM_DOC,NUM_DOC,FECHA_REGISTRO_SALIDA,FECHA_ACTUALIZACION_SALIDA,ANTIGUEDAD_SALIDA,FORMATO,FECHA_REGISTRO_ENTRADA,FECHA_ACTUALIZACION_ENTRADA,ANTIGUEDAD_ENTRADA,ESTADO_VC) values ('2','2','2','1','SANIPES','N1','REGISTRO SOLICITUD',null,'204','423',null,'2',null,'1','DNI','20180000374',to_date('16/11/18','DD/MM/RR'),to_date('17/11/18','DD/MM/RR'),'5','APN01',to_date('25/11/18','DD/MM/RR'),to_date('20/11/18','DD/MM/RR'),'6','3');
Insert into MTOBJ.TX_TRAMISIONES (TIPO,TIENE_INCIDENTE,TIPO_INCIDENTE,ENTIDAD_ID,SIGLA_ENTIDAD,TIPO_MENSAJE,NOM_MENSAJE,ERROR,VC_ID,VE_ID,NOM_ESTADO_VC,ESTADO_VE,NOM_ESTADO_VE,TIPO_DOC,NOM_DOC,NUM_DOC,FECHA_REGISTRO_SALIDA,FECHA_ACTUALIZACION_SALIDA,ANTIGUEDAD_SALIDA,FORMATO,FECHA_REGISTRO_ENTRADA,FECHA_ACTUALIZACION_ENTRADA,ANTIGUEDAD_ENTRADA,ESTADO_VC) values ('2','1','2','1','PRODUCE','N1','ENVIO OBSERVACIONES',null,'734','58',null,'2',null,'1','DNI','20180000462',to_date('16/11/18','DD/MM/RR'),to_date('17/11/18','DD/MM/RR'),'6','APN01',to_date('25/11/18','DD/MM/RR'),to_date('20/11/18','DD/MM/RR'),'10','3');
Insert into MTOBJ.TX_TRAMISIONES (TIPO,TIENE_INCIDENTE,TIPO_INCIDENTE,ENTIDAD_ID,SIGLA_ENTIDAD,TIPO_MENSAJE,NOM_MENSAJE,ERROR,VC_ID,VE_ID,NOM_ESTADO_VC,ESTADO_VE,NOM_ESTADO_VE,TIPO_DOC,NOM_DOC,NUM_DOC,FECHA_REGISTRO_SALIDA,FECHA_ACTUALIZACION_SALIDA,ANTIGUEDAD_SALIDA,FORMATO,FECHA_REGISTRO_ENTRADA,FECHA_ACTUALIZACION_ENTRADA,ANTIGUEDAD_ENTRADA,ESTADO_VC) values ('2','2','5','1','APN','N1','REGISTRO SOLICITUD',null,'988','732',null,'2',null,'2','DNI','20180000156',to_date('16/11/18','DD/MM/RR'),to_date('17/11/18','DD/MM/RR'),'2','APN01',to_date('25/11/18','DD/MM/RR'),to_date('20/11/18','DD/MM/RR'),'2','3');
Insert into MTOBJ.TX_TRAMISIONES (TIPO,TIENE_INCIDENTE,TIPO_INCIDENTE,ENTIDAD_ID,SIGLA_ENTIDAD,TIPO_MENSAJE,NOM_MENSAJE,ERROR,VC_ID,VE_ID,NOM_ESTADO_VC,ESTADO_VE,NOM_ESTADO_VE,TIPO_DOC,NOM_DOC,NUM_DOC,FECHA_REGISTRO_SALIDA,FECHA_ACTUALIZACION_SALIDA,ANTIGUEDAD_SALIDA,FORMATO,FECHA_REGISTRO_ENTRADA,FECHA_ACTUALIZACION_ENTRADA,ANTIGUEDAD_ENTRADA,ESTADO_VC) values ('2','1','1','1','SUCAMEC','N1','ENVIO OBSERVACIONES',null,'662','422',null,'2',null,'1','DNI','20180000274',to_date('16/11/18','DD/MM/RR'),to_date('17/11/18','DD/MM/RR'),'7','APN04',to_date('25/11/18','DD/MM/RR'),to_date('20/11/18','DD/MM/RR'),'6','3');
Insert into MTOBJ.TX_TRAMISIONES (TIPO,TIENE_INCIDENTE,TIPO_INCIDENTE,ENTIDAD_ID,SIGLA_ENTIDAD,TIPO_MENSAJE,NOM_MENSAJE,ERROR,VC_ID,VE_ID,NOM_ESTADO_VC,ESTADO_VE,NOM_ESTADO_VE,TIPO_DOC,NOM_DOC,NUM_DOC,FECHA_REGISTRO_SALIDA,FECHA_ACTUALIZACION_SALIDA,ANTIGUEDAD_SALIDA,FORMATO,FECHA_REGISTRO_ENTRADA,FECHA_ACTUALIZACION_ENTRADA,ANTIGUEDAD_ENTRADA,ESTADO_VC) values ('2','1','2','1','APN','N1','REGISTRO SOLICITUD',null,'998','624',null,'2',null,'1','DNI','20180000511',to_date('16/11/18','DD/MM/RR'),to_date('17/11/18','DD/MM/RR'),'8','APN01',to_date('25/11/18','DD/MM/RR'),to_date('20/11/18','DD/MM/RR'),'2','3');
Insert into MTOBJ.TX_TRAMISIONES (TIPO,TIENE_INCIDENTE,TIPO_INCIDENTE,ENTIDAD_ID,SIGLA_ENTIDAD,TIPO_MENSAJE,NOM_MENSAJE,ERROR,VC_ID,VE_ID,NOM_ESTADO_VC,ESTADO_VE,NOM_ESTADO_VE,TIPO_DOC,NOM_DOC,NUM_DOC,FECHA_REGISTRO_SALIDA,FECHA_ACTUALIZACION_SALIDA,ANTIGUEDAD_SALIDA,FORMATO,FECHA_REGISTRO_ENTRADA,FECHA_ACTUALIZACION_ENTRADA,ANTIGUEDAD_ENTRADA,ESTADO_VC) values ('2','2','5','1','SANIPES','N1','REGISTRO SOLICITUD',null,'456','585',null,'2',null,'2','DNI','20180000856',to_date('16/11/18','DD/MM/RR'),to_date('17/11/18','DD/MM/RR'),'2','APN01',to_date('25/11/18','DD/MM/RR'),to_date('20/11/18','DD/MM/RR'),'2','3');
Insert into MTOBJ.TX_TRAMISIONES (TIPO,TIENE_INCIDENTE,TIPO_INCIDENTE,ENTIDAD_ID,SIGLA_ENTIDAD,TIPO_MENSAJE,NOM_MENSAJE,ERROR,VC_ID,VE_ID,NOM_ESTADO_VC,ESTADO_VE,NOM_ESTADO_VE,TIPO_DOC,NOM_DOC,NUM_DOC,FECHA_REGISTRO_SALIDA,FECHA_ACTUALIZACION_SALIDA,ANTIGUEDAD_SALIDA,FORMATO,FECHA_REGISTRO_ENTRADA,FECHA_ACTUALIZACION_ENTRADA,ANTIGUEDAD_ENTRADA,ESTADO_VC) values ('2','1','1','1','APN','N1','REGISTRO SOLICITUD',null,'465','789',null,'2',null,'1','DNI','20180000124',to_date('16/11/18','DD/MM/RR'),to_date('17/11/18','DD/MM/RR'),'2','APN02',to_date('25/11/18','DD/MM/RR'),to_date('20/11/18','DD/MM/RR'),'2','3');
Insert into MTOBJ.TX_TRAMISIONES (TIPO,TIENE_INCIDENTE,TIPO_INCIDENTE,ENTIDAD_ID,SIGLA_ENTIDAD,TIPO_MENSAJE,NOM_MENSAJE,ERROR,VC_ID,VE_ID,NOM_ESTADO_VC,ESTADO_VE,NOM_ESTADO_VE,TIPO_DOC,NOM_DOC,NUM_DOC,FECHA_REGISTRO_SALIDA,FECHA_ACTUALIZACION_SALIDA,ANTIGUEDAD_SALIDA,FORMATO,FECHA_REGISTRO_ENTRADA,FECHA_ACTUALIZACION_ENTRADA,ANTIGUEDAD_ENTRADA,ESTADO_VC) values ('2','2','2','1','SENASA','N1','REGISTRO SOLICITUD',null,'456','564',null,'1',null,'2','DNI','20180000126',to_date('16/11/18','DD/MM/RR'),to_date('17/11/18','DD/MM/RR'),'2','APN01',to_date('25/11/18','DD/MM/RR'),to_date('20/11/18','DD/MM/RR'),'2','3');
Insert into MTOBJ.TX_TRAMISIONES (TIPO,TIENE_INCIDENTE,TIPO_INCIDENTE,ENTIDAD_ID,SIGLA_ENTIDAD,TIPO_MENSAJE,NOM_MENSAJE,ERROR,VC_ID,VE_ID,NOM_ESTADO_VC,ESTADO_VE,NOM_ESTADO_VE,TIPO_DOC,NOM_DOC,NUM_DOC,FECHA_REGISTRO_SALIDA,FECHA_ACTUALIZACION_SALIDA,ANTIGUEDAD_SALIDA,FORMATO,FECHA_REGISTRO_ENTRADA,FECHA_ACTUALIZACION_ENTRADA,ANTIGUEDAD_ENTRADA,ESTADO_VC) values ('2','2','1','1','SUCAMEC','N1','REGISTRO SOLICITUD',null,'245','401',null,'2',null,'1','DNI','20180000127',to_date('16/11/18','DD/MM/RR'),to_date('17/11/18','DD/MM/RR'),'9','APN03',to_date('25/11/18','DD/MM/RR'),to_date('20/11/18','DD/MM/RR'),'8','3');
Insert into MTOBJ.TX_TRAMISIONES (TIPO,TIENE_INCIDENTE,TIPO_INCIDENTE,ENTIDAD_ID,SIGLA_ENTIDAD,TIPO_MENSAJE,NOM_MENSAJE,ERROR,VC_ID,VE_ID,NOM_ESTADO_VC,ESTADO_VE,NOM_ESTADO_VE,TIPO_DOC,NOM_DOC,NUM_DOC,FECHA_REGISTRO_SALIDA,FECHA_ACTUALIZACION_SALIDA,ANTIGUEDAD_SALIDA,FORMATO,FECHA_REGISTRO_ENTRADA,FECHA_ACTUALIZACION_ENTRADA,ANTIGUEDAD_ENTRADA,ESTADO_VC) values ('2','1','5','1','PRODUCE','N1','REGISTRO SOLICITUD',null,'209','402',null,'2',null,'1','DNI','20180000128',to_date('16/11/18','DD/MM/RR'),to_date('17/11/18','DD/MM/RR'),'0','APN04',to_date('25/11/18','DD/MM/RR'),to_date('20/11/18','DD/MM/RR'),'2','3');
Insert into MTOBJ.TX_TRAMISIONES (TIPO,TIENE_INCIDENTE,TIPO_INCIDENTE,ENTIDAD_ID,SIGLA_ENTIDAD,TIPO_MENSAJE,NOM_MENSAJE,ERROR,VC_ID,VE_ID,NOM_ESTADO_VC,ESTADO_VE,NOM_ESTADO_VE,TIPO_DOC,NOM_DOC,NUM_DOC,FECHA_REGISTRO_SALIDA,FECHA_ACTUALIZACION_SALIDA,ANTIGUEDAD_SALIDA,FORMATO,FECHA_REGISTRO_ENTRADA,FECHA_ACTUALIZACION_ENTRADA,ANTIGUEDAD_ENTRADA,ESTADO_VC) values ('1','1','4','1','MTC','N2','REGISTRO SOLICITUD',null,'322','756',null,'2',null,'1','DNI','20180000545',to_date('16/11/18','DD/MM/RR'),to_date('17/11/18','DD/MM/RR'),'2','APN02',to_date('25/11/18','DD/MM/RR'),to_date('20/11/18','DD/MM/RR'),'9','3');
Insert into MTOBJ.TX_TRAMISIONES (TIPO,TIENE_INCIDENTE,TIPO_INCIDENTE,ENTIDAD_ID,SIGLA_ENTIDAD,TIPO_MENSAJE,NOM_MENSAJE,ERROR,VC_ID,VE_ID,NOM_ESTADO_VC,ESTADO_VE,NOM_ESTADO_VE,TIPO_DOC,NOM_DOC,NUM_DOC,FECHA_REGISTRO_SALIDA,FECHA_ACTUALIZACION_SALIDA,ANTIGUEDAD_SALIDA,FORMATO,FECHA_REGISTRO_ENTRADA,FECHA_ACTUALIZACION_ENTRADA,ANTIGUEDAD_ENTRADA,ESTADO_VC) values ('1','1','4','1','MTC','N8','REGISTRO SOLICITUD',null,'465','753',null,'2',null,'1','DNI','20180000745',to_date('16/11/18','DD/MM/RR'),to_date('17/11/18','DD/MM/RR'),'2','APN03',to_date('25/11/18','DD/MM/RR'),to_date('20/11/18','DD/MM/RR'),'4','3');
Insert into MTOBJ.TX_TRAMISIONES (TIPO,TIENE_INCIDENTE,TIPO_INCIDENTE,ENTIDAD_ID,SIGLA_ENTIDAD,TIPO_MENSAJE,NOM_MENSAJE,ERROR,VC_ID,VE_ID,NOM_ESTADO_VC,ESTADO_VE,NOM_ESTADO_VE,TIPO_DOC,NOM_DOC,NUM_DOC,FECHA_REGISTRO_SALIDA,FECHA_ACTUALIZACION_SALIDA,ANTIGUEDAD_SALIDA,FORMATO,FECHA_REGISTRO_ENTRADA,FECHA_ACTUALIZACION_ENTRADA,ANTIGUEDAD_ENTRADA,ESTADO_VC) values ('1','1','3','1','APN','N4','REGISTRO SOLICITUD',null,'567','951',null,'2',null,'1','DNI','20180000763',to_date('16/11/18','DD/MM/RR'),to_date('17/11/18','DD/MM/RR'),'2','APN02',to_date('25/11/18','DD/MM/RR'),to_date('20/11/18','DD/MM/RR'),'2','3');
Insert into MTOBJ.TX_TRAMISIONES (TIPO,TIENE_INCIDENTE,TIPO_INCIDENTE,ENTIDAD_ID,SIGLA_ENTIDAD,TIPO_MENSAJE,NOM_MENSAJE,ERROR,VC_ID,VE_ID,NOM_ESTADO_VC,ESTADO_VE,NOM_ESTADO_VE,TIPO_DOC,NOM_DOC,NUM_DOC,FECHA_REGISTRO_SALIDA,FECHA_ACTUALIZACION_SALIDA,ANTIGUEDAD_SALIDA,FORMATO,FECHA_REGISTRO_ENTRADA,FECHA_ACTUALIZACION_ENTRADA,ANTIGUEDAD_ENTRADA,ESTADO_VC) values ('1','1','3','1','APN','N17','REGISTRO SOLICITUD',null,'465','321',null,'2',null,'1','DNI','20180000757',to_date('16/11/18','DD/MM/RR'),to_date('17/11/18','DD/MM/RR'),'2','APN04',to_date('25/11/18','DD/MM/RR'),to_date('20/11/18','DD/MM/RR'),'5','3');
Insert into MTOBJ.TX_TRAMISIONES (TIPO,TIENE_INCIDENTE,TIPO_INCIDENTE,ENTIDAD_ID,SIGLA_ENTIDAD,TIPO_MENSAJE,NOM_MENSAJE,ERROR,VC_ID,VE_ID,NOM_ESTADO_VC,ESTADO_VE,NOM_ESTADO_VE,TIPO_DOC,NOM_DOC,NUM_DOC,FECHA_REGISTRO_SALIDA,FECHA_ACTUALIZACION_SALIDA,ANTIGUEDAD_SALIDA,FORMATO,FECHA_REGISTRO_ENTRADA,FECHA_ACTUALIZACION_ENTRADA,ANTIGUEDAD_ENTRADA,ESTADO_VC) values ('1','1','3','1','SANIPES','N18','REGISTRO SOLICITUD',null,'154','789',null,'2',null,'1','DNI','20180000754',to_date('16/11/18','DD/MM/RR'),to_date('17/11/18','DD/MM/RR'),'2','APN02',to_date('25/11/18','DD/MM/RR'),to_date('20/11/18','DD/MM/RR'),'2','3');
Insert into MTOBJ.TX_TRAMISIONES (TIPO,TIENE_INCIDENTE,TIPO_INCIDENTE,ENTIDAD_ID,SIGLA_ENTIDAD,TIPO_MENSAJE,NOM_MENSAJE,ERROR,VC_ID,VE_ID,NOM_ESTADO_VC,ESTADO_VE,NOM_ESTADO_VE,TIPO_DOC,NOM_DOC,NUM_DOC,FECHA_REGISTRO_SALIDA,FECHA_ACTUALIZACION_SALIDA,ANTIGUEDAD_SALIDA,FORMATO,FECHA_REGISTRO_ENTRADA,FECHA_ACTUALIZACION_ENTRADA,ANTIGUEDAD_ENTRADA,ESTADO_VC) values ('1','1','4','1','APN','N14','REGISTRO SOLICITUD',null,'798','593',null,'2',null,'1','DNI','20180000443',to_date('16/11/18','DD/MM/RR'),to_date('17/11/18','DD/MM/RR'),'2','APN03',to_date('25/11/18','DD/MM/RR'),to_date('20/11/18','DD/MM/RR'),'2','3');
Insert into MTOBJ.TX_TRAMISIONES (TIPO,TIENE_INCIDENTE,TIPO_INCIDENTE,ENTIDAD_ID,SIGLA_ENTIDAD,TIPO_MENSAJE,NOM_MENSAJE,ERROR,VC_ID,VE_ID,NOM_ESTADO_VC,ESTADO_VE,NOM_ESTADO_VE,TIPO_DOC,NOM_DOC,NUM_DOC,FECHA_REGISTRO_SALIDA,FECHA_ACTUALIZACION_SALIDA,ANTIGUEDAD_SALIDA,FORMATO,FECHA_REGISTRO_ENTRADA,FECHA_ACTUALIZACION_ENTRADA,ANTIGUEDAD_ENTRADA,ESTADO_VC) values ('1','1','1','1','PRODUCE','N8','REGISTRO SOLICITUD',null,'888','385',null,'2',null,'1','DNI','20180000643',to_date('16/11/18','DD/MM/RR'),to_date('17/11/18','DD/MM/RR'),'2','APN02',to_date('25/11/18','DD/MM/RR'),to_date('20/11/18','DD/MM/RR'),'9','3');
Insert into MTOBJ.TX_TRAMISIONES (TIPO,TIENE_INCIDENTE,TIPO_INCIDENTE,ENTIDAD_ID,SIGLA_ENTIDAD,TIPO_MENSAJE,NOM_MENSAJE,ERROR,VC_ID,VE_ID,NOM_ESTADO_VC,ESTADO_VE,NOM_ESTADO_VE,TIPO_DOC,NOM_DOC,NUM_DOC,FECHA_REGISTRO_SALIDA,FECHA_ACTUALIZACION_SALIDA,ANTIGUEDAD_SALIDA,FORMATO,FECHA_REGISTRO_ENTRADA,FECHA_ACTUALIZACION_ENTRADA,ANTIGUEDAD_ENTRADA,ESTADO_VC) values ('1','1','4','1','SANIPES','N19','REGISTRO SOLICITUD',null,'791','487',null,'2',null,'1','DNI','20180000734',to_date('16/11/18','DD/MM/RR'),to_date('17/11/18','DD/MM/RR'),'2','APN01',to_date('25/11/18','DD/MM/RR'),to_date('20/11/18','DD/MM/RR'),'2','3');
Insert into MTOBJ.TX_TRAMISIONES (TIPO,TIENE_INCIDENTE,TIPO_INCIDENTE,ENTIDAD_ID,SIGLA_ENTIDAD,TIPO_MENSAJE,NOM_MENSAJE,ERROR,VC_ID,VE_ID,NOM_ESTADO_VC,ESTADO_VE,NOM_ESTADO_VE,TIPO_DOC,NOM_DOC,NUM_DOC,FECHA_REGISTRO_SALIDA,FECHA_ACTUALIZACION_SALIDA,ANTIGUEDAD_SALIDA,FORMATO,FECHA_REGISTRO_ENTRADA,FECHA_ACTUALIZACION_ENTRADA,ANTIGUEDAD_ENTRADA,ESTADO_VC) values ('1','1','3','1','APN','N20','REGISTRO SOLICITUD',null,'568','789',null,'2',null,'1','DNI','20180000863',to_date('16/11/18','DD/MM/RR'),to_date('17/11/18','DD/MM/RR'),'2','APN02',to_date('25/11/18','DD/MM/RR'),to_date('20/11/18','DD/MM/RR'),'2','3');
Insert into MTOBJ.TX_TRAMISIONES (TIPO,TIENE_INCIDENTE,TIPO_INCIDENTE,ENTIDAD_ID,SIGLA_ENTIDAD,TIPO_MENSAJE,NOM_MENSAJE,ERROR,VC_ID,VE_ID,NOM_ESTADO_VC,ESTADO_VE,NOM_ESTADO_VE,TIPO_DOC,NOM_DOC,NUM_DOC,FECHA_REGISTRO_SALIDA,FECHA_ACTUALIZACION_SALIDA,ANTIGUEDAD_SALIDA,FORMATO,FECHA_REGISTRO_ENTRADA,FECHA_ACTUALIZACION_ENTRADA,ANTIGUEDAD_ENTRADA,ESTADO_VC) values ('1','1','4','1','PRODUCE','N8','REGISTRO SOLICITUD',null,'465','974',null,'2',null,'1','DNI','20180000744',to_date('16/11/18','DD/MM/RR'),to_date('17/11/18','DD/MM/RR'),'2','APN01',to_date('25/11/18','DD/MM/RR'),to_date('20/11/18','DD/MM/RR'),'2','3');
Insert into MTOBJ.TX_TRAMISIONES (TIPO,TIENE_INCIDENTE,TIPO_INCIDENTE,ENTIDAD_ID,SIGLA_ENTIDAD,TIPO_MENSAJE,NOM_MENSAJE,ERROR,VC_ID,VE_ID,NOM_ESTADO_VC,ESTADO_VE,NOM_ESTADO_VE,TIPO_DOC,NOM_DOC,NUM_DOC,FECHA_REGISTRO_SALIDA,FECHA_ACTUALIZACION_SALIDA,ANTIGUEDAD_SALIDA,FORMATO,FECHA_REGISTRO_ENTRADA,FECHA_ACTUALIZACION_ENTRADA,ANTIGUEDAD_ENTRADA,ESTADO_VC) values ('1','1','3','1','PRODUCE','N21','REGISTRO SOLICITUD',null,'987','452',null,'2',null,'1','DNI','20180000423',to_date('16/11/18','DD/MM/RR'),to_date('17/11/18','DD/MM/RR'),'2','APN04',to_date('25/11/18','DD/MM/RR'),to_date('20/11/18','DD/MM/RR'),'8','3');
Insert into MTOBJ.TX_TRAMISIONES (TIPO,TIENE_INCIDENTE,TIPO_INCIDENTE,ENTIDAD_ID,SIGLA_ENTIDAD,TIPO_MENSAJE,NOM_MENSAJE,ERROR,VC_ID,VE_ID,NOM_ESTADO_VC,ESTADO_VE,NOM_ESTADO_VE,TIPO_DOC,NOM_DOC,NUM_DOC,FECHA_REGISTRO_SALIDA,FECHA_ACTUALIZACION_SALIDA,ANTIGUEDAD_SALIDA,FORMATO,FECHA_REGISTRO_ENTRADA,FECHA_ACTUALIZACION_ENTRADA,ANTIGUEDAD_ENTRADA,ESTADO_VC) values ('1','1','3','1','PRODUCE','N1','REGISTRO SOLICITUD',null,'845','567',null,'2',null,'1','DNI','20180000152',to_date('16/11/18','DD/MM/RR'),to_date('17/11/18','DD/MM/RR'),'2','APN05',to_date('25/11/18','DD/MM/RR'),to_date('20/11/18','DD/MM/RR'),'1','3');
Insert into MTOBJ.TX_TRAMISIONES (TIPO,TIENE_INCIDENTE,TIPO_INCIDENTE,ENTIDAD_ID,SIGLA_ENTIDAD,TIPO_MENSAJE,NOM_MENSAJE,ERROR,VC_ID,VE_ID,NOM_ESTADO_VC,ESTADO_VE,NOM_ESTADO_VE,TIPO_DOC,NOM_DOC,NUM_DOC,FECHA_REGISTRO_SALIDA,FECHA_ACTUALIZACION_SALIDA,ANTIGUEDAD_SALIDA,FORMATO,FECHA_REGISTRO_ENTRADA,FECHA_ACTUALIZACION_ENTRADA,ANTIGUEDAD_ENTRADA,ESTADO_VC) values ('2','1','2','1','APN','N1','REGISTRO SOLICITUD',null,'200','897',null,'10',null,'2','DNI','20180000978',to_date('16/11/18','DD/MM/RR'),to_date('17/11/18','DD/MM/RR'),'4','APN04',to_date('25/11/18','DD/MM/RR'),to_date('20/11/18','DD/MM/RR'),'2','3');
Insert into MTOBJ.TX_TRAMISIONES (TIPO,TIENE_INCIDENTE,TIPO_INCIDENTE,ENTIDAD_ID,SIGLA_ENTIDAD,TIPO_MENSAJE,NOM_MENSAJE,ERROR,VC_ID,VE_ID,NOM_ESTADO_VC,ESTADO_VE,NOM_ESTADO_VE,TIPO_DOC,NOM_DOC,NUM_DOC,FECHA_REGISTRO_SALIDA,FECHA_ACTUALIZACION_SALIDA,ANTIGUEDAD_SALIDA,FORMATO,FECHA_REGISTRO_ENTRADA,FECHA_ACTUALIZACION_ENTRADA,ANTIGUEDAD_ENTRADA,ESTADO_VC) values ('2','1','1','1','SENASA','N1','ENVIO OBSERVACIONES',null,'988','823',null,'2',null,'1','DNI','20180000921',to_date('16/11/18','DD/MM/RR'),to_date('17/11/18','DD/MM/RR'),'2','APN03',to_date('25/11/18','DD/MM/RR'),to_date('20/11/18','DD/MM/RR'),'2','3');
Insert into MTOBJ.TX_TRAMISIONES (TIPO,TIENE_INCIDENTE,TIPO_INCIDENTE,ENTIDAD_ID,SIGLA_ENTIDAD,TIPO_MENSAJE,NOM_MENSAJE,ERROR,VC_ID,VE_ID,NOM_ESTADO_VC,ESTADO_VE,NOM_ESTADO_VE,TIPO_DOC,NOM_DOC,NUM_DOC,FECHA_REGISTRO_SALIDA,FECHA_ACTUALIZACION_SALIDA,ANTIGUEDAD_SALIDA,FORMATO,FECHA_REGISTRO_ENTRADA,FECHA_ACTUALIZACION_ENTRADA,ANTIGUEDAD_ENTRADA,ESTADO_VC) values ('1','2','2','2','SENASA','N18','ENVIO OBSERVACIONES','java.lang.NullPointerException
	at ws.crossnet.apn.presentacion.adm.beans.SessionServlet.processRequest(SessionServlet.java:42)[vfs:/content/apn-presentacion-adm-1.0.war/WEB-INF/classes:]
	at ws.crossnet.apn.presentacion.adm.beans.SessionServlet.doGet(SessionServlet.java:66)[vfs:/content/apn-presentacion-adm-1.0.war/WEB-INF/classes:]
	at javax.servlet.http.HttpServlet.service(HttpServlet.java:687)[jar:file:/home/desarrollo/wildfly-10.1.0.Final/modules/system/layers/base/javax/servlet/api/main/jboss-servlet-api_3.1_spec-1.0.0.Final.jar!/:1.0.0.Final]
	at javax.servlet.http.HttpServlet.service(HttpServlet.java:790)[jar:file:/home/desarrollo/wildfly-10.1.0.Final/modules/system/layers/base/javax/servlet/api/main/jboss-servlet-api_3.1_spec-1.0.0.Final.jar!/:1.0.0.Final]
	at io.undertow.server.handlers.PredicateHandler.handleRequest(PredicateHandler.java:43)[jar:file:/home/desarrollo/wildfly-10.1.0.Final/modules/system/layers/base/io/undertow/core/main/undertow-core-1.4.0.Final.jar!/:1.4.0.Final]
	at io.undertow.servlet.handlers.ServletInitialHandler.handleFirstRequest(ServletInitialHandler.java:292)[jar:file:/home/desarrollo/wildfly-10.1.0.Final/modules/system/layers/base/io/undertow/servlet/main/undertow-servlet-1.4.0.Final.jar!/:1.4.0.Final]
	at io.undertow.servlet.handlers.ServletInitialHandler.access$100(ServletInitialHandler.java:81)[jar:file:/home/desarrollo/wildfly-10.1.0.Final/modules/system/layers/base/io/undertow/servlet/main/undertow-servlet-1.4.0.Final.jar!/:1.4.0.Final]
	','201','978',null,'1',null,'2','DNI','20180000486',to_date('22/11/18','DD/MM/RR'),to_date('22/11/18','DD/MM/RR'),'3','APN02',to_date('29/11/18','DD/MM/RR'),to_date('22/11/18','DD/MM/RR'),'3','4');
Insert into MTOBJ.TX_TRAMISIONES (TIPO,TIENE_INCIDENTE,TIPO_INCIDENTE,ENTIDAD_ID,SIGLA_ENTIDAD,TIPO_MENSAJE,NOM_MENSAJE,ERROR,VC_ID,VE_ID,NOM_ESTADO_VC,ESTADO_VE,NOM_ESTADO_VE,TIPO_DOC,NOM_DOC,NUM_DOC,FECHA_REGISTRO_SALIDA,FECHA_ACTUALIZACION_SALIDA,ANTIGUEDAD_SALIDA,FORMATO,FECHA_REGISTRO_ENTRADA,FECHA_ACTUALIZACION_ENTRADA,ANTIGUEDAD_ENTRADA,ESTADO_VC) values ('2','1','2','1','MTC','N1','ENVIO OBSERVACIONES','2018-12-03 14:46:37.432  INFO 6500 --- [           main] v.gob.pe.app.ServicioVuceApiApplication  : Starting ServicioVuceApiApplication on MJ05D83V with PID 6500 (C:\vuce\servicio-vuce-api\target\classes started by consultor.oti4 in C:\vuce\servicio-vuce-api)
2018-12-03 14:46:37.435  INFO 6500 --- [           main] v.gob.pe.app.ServicioVuceApiApplication  : No active profile set, falling back to default profiles: default
2018-12-03 14:46:37.855  INFO 6500 --- [           main] .s.d.r.c.RepositoryConfigurationDelegate : Bootstrapping Spring Data repositories in DEFAULT mode.
2018-12-03 14:46:37.923  INFO 6500 --- [           main] .s.d.r.c.RepositoryConfigurationDelegate : Finished Spring Data repository scanning in 63ms. Found 3 repository interfaces.
2018-12-03 14:46:38.128  INFO 6500 --- [           main] trationDelegate$BeanPostProcessorChecker : Bean ''org.springframework.transaction.annotation.ProxyTransactionManagementConfiguration'' of type [org.springframework.transaction.annotation.ProxyTransactionManagementConfiguration$$EnhancerBySpringCGLIB$$be38dab7] is not eligible for getting processed by all BeanPostProcessors (for example: not eligible for auto-proxying)
2018-12-03 14:46:38.346  INFO 6500 --- [           main] o.s.b.w.embedded.tomcat.TomcatWebServer  : Tomcat initialized with port(s): 9000 (http)
2018-12-03 14:46:38.358  INFO 6500 --- [           main] o.apache.catalina.core.StandardService   : Starting service [Tomcat]','897','42',null,'1',null,'1','DNI','20180000456',to_date('16/11/18','DD/MM/RR'),to_date('17/11/18','DD/MM/RR'),'2','APN01',to_date('25/11/18','DD/MM/RR'),to_date('20/11/18','DD/MM/RR'),'4','3');
Insert into MTOBJ.TX_TRAMISIONES (TIPO,TIENE_INCIDENTE,TIPO_INCIDENTE,ENTIDAD_ID,SIGLA_ENTIDAD,TIPO_MENSAJE,NOM_MENSAJE,ERROR,VC_ID,VE_ID,NOM_ESTADO_VC,ESTADO_VE,NOM_ESTADO_VE,TIPO_DOC,NOM_DOC,NUM_DOC,FECHA_REGISTRO_SALIDA,FECHA_ACTUALIZACION_SALIDA,ANTIGUEDAD_SALIDA,FORMATO,FECHA_REGISTRO_ENTRADA,FECHA_ACTUALIZACION_ENTRADA,ANTIGUEDAD_ENTRADA,ESTADO_VC) values ('2','1','5','1','APN','N1','REGISTRO SOLICITUD','java.lang.NullPointerException
	at ws.crossnet.apn.presentacion.adm.beans.SessionServlet.processRequest(SessionServlet.java:42)[vfs:/content/apn-presentacion-adm-1.0.war/WEB-INF/classes:]
	at ws.crossnet.apn.presentacion.adm.beans.SessionServlet.doGet(SessionServlet.java:66)[vfs:/content/apn-presentacion-adm-1.0.war/WEB-INF/classes:]
	at javax.servlet.http.HttpServlet.service(HttpServlet.java:687)[jar:file:/home/desarrollo/wildfly-10.1.0.Final/modules/system/layers/base/javax/servlet/api/main/jboss-servlet-api_3.1_spec-1.0.0.Final.jar!/:1.0.0.Final]
	at javax.servlet.http.HttpServlet.service(HttpServlet.java:790)[jar:file:/home/desarrollo/wildfly-10.1.0.Final/modules/system/layers/base/javax/servlet/api/main/jboss-servlet-api_3.1_spec-1.0.0.Final.jar!/:1.0.0.Final]
	at io.undertow.server.handlers.PredicateHandler.handleRequest(PredicateHandler.java:43)[jar:file:/home/desarrollo/wildfly-10.1.0.Final/modules/system/layers/base/io/undertow/core/main/undertow-core-1.4.0.Final.jar!/:1.4.0.Final]
	at io.undertow.servlet.handlers.ServletInitialHandler.handleFirstRequest(ServletInitialHandler.java:292)[jar:file:/home/desarrollo/wildfly-10.1.0.Final/modules/system/layers/base/io/undertow/servlet/main/undertow-servlet-1.4.0.Final.jar!/:1.4.0.Final]
	at io.undertow.servlet.handlers.ServletInitialHandler.access$100(ServletInitialHandler.java:81)[jar:file:/home/desarrollo/wildfly-10.1.0.Final/modules/system/layers/base/io/undertow/servlet/main/undertow-servlet-1.4.0.Final.jar!/:1.4.0.Final]
	','270','786',null,'1',null,'2','DNI','20180000782',to_date('16/11/18','DD/MM/RR'),to_date('17/11/18','DD/MM/RR'),'2','APN02',to_date('25/11/18','DD/MM/RR'),to_date('20/11/18','DD/MM/RR'),'2','3');
Insert into MTOBJ.TX_TRAMISIONES (TIPO,TIENE_INCIDENTE,TIPO_INCIDENTE,ENTIDAD_ID,SIGLA_ENTIDAD,TIPO_MENSAJE,NOM_MENSAJE,ERROR,VC_ID,VE_ID,NOM_ESTADO_VC,ESTADO_VE,NOM_ESTADO_VE,TIPO_DOC,NOM_DOC,NUM_DOC,FECHA_REGISTRO_SALIDA,FECHA_ACTUALIZACION_SALIDA,ANTIGUEDAD_SALIDA,FORMATO,FECHA_REGISTRO_ENTRADA,FECHA_ACTUALIZACION_ENTRADA,ANTIGUEDAD_ENTRADA,ESTADO_VC) values ('2','1','2','1','SENASA','N1','REGISTRO SOLICITUD','java.lang.NullPointerException
	at ws.crossnet.apn.presentacion.adm.beans.SessionServlet.processRequest(SessionServlet.java:42)[vfs:/content/apn-presentacion-adm-1.0.war/WEB-INF/classes:]
	at ws.crossnet.apn.presentacion.adm.beans.SessionServlet.doGet(SessionServlet.java:66)[vfs:/content/apn-presentacion-adm-1.0.war/WEB-INF/classes:]
	at javax.servlet.http.HttpServlet.service(HttpServlet.java:687)[jar:file:/home/desarrollo/wildfly-10.1.0.Final/modules/system/layers/base/javax/servlet/api/main/jboss-servlet-api_3.1_spec-1.0.0.Final.jar!/:1.0.0.Final]
	at javax.servlet.http.HttpServlet.service(HttpServlet.java:790)[jar:file:/home/desarrollo/wildfly-10.1.0.Final/modules/system/layers/base/javax/servlet/api/main/jboss-servlet-api_3.1_spec-1.0.0.Final.jar!/:1.0.0.Final]
	at io.undertow.server.handlers.PredicateHandler.handleRequest(PredicateHandler.java:43)[jar:file:/home/desarrollo/wildfly-10.1.0.Final/modules/system/layers/base/io/undertow/core/main/undertow-core-1.4.0.Final.jar!/:1.4.0.Final]
	at io.undertow.servlet.handlers.ServletInitialHandler.handleFirstRequest(ServletInitialHandler.java:292)[jar:file:/home/desarrollo/wildfly-10.1.0.Final/modules/system/layers/base/io/undertow/servlet/main/undertow-servlet-1.4.0.Final.jar!/:1.4.0.Final]
	at io.undertow.servlet.handlers.ServletInitialHandler.access$100(ServletInitialHandler.java:81)[jar:file:/home/desarrollo/wildfly-10.1.0.Final/modules/system/layers/base/io/undertow/servlet/main/undertow-servlet-1.4.0.Final.jar!/:1.4.0.Final]
	','253','251',null,'1',null,'1','DNI','20180000165',to_date('16/11/18','DD/MM/RR'),to_date('17/11/18','DD/MM/RR'),'2','APN03',to_date('25/11/18','DD/MM/RR'),to_date('20/11/18','DD/MM/RR'),'2','3');
Insert into MTOBJ.TX_TRAMISIONES (TIPO,TIENE_INCIDENTE,TIPO_INCIDENTE,ENTIDAD_ID,SIGLA_ENTIDAD,TIPO_MENSAJE,NOM_MENSAJE,ERROR,VC_ID,VE_ID,NOM_ESTADO_VC,ESTADO_VE,NOM_ESTADO_VE,TIPO_DOC,NOM_DOC,NUM_DOC,FECHA_REGISTRO_SALIDA,FECHA_ACTUALIZACION_SALIDA,ANTIGUEDAD_SALIDA,FORMATO,FECHA_REGISTRO_ENTRADA,FECHA_ACTUALIZACION_ENTRADA,ANTIGUEDAD_ENTRADA,ESTADO_VC) values ('2','2','5','1','SANIPES','N1','REGISTRO SOLICITUD','java.lang.NullPointerException
	at ws.crossnet.apn.presentacion.adm.beans.SessionServlet.processRequest(SessionServlet.java:42)[vfs:/content/apn-presentacion-adm-1.0.war/WEB-INF/classes:]
	at ws.crossnet.apn.presentacion.adm.beans.SessionServlet.doGet(SessionServlet.java:66)[vfs:/content/apn-presentacion-adm-1.0.war/WEB-INF/classes:]
	at javax.servlet.http.HttpServlet.service(HttpServlet.java:687)[jar:file:/home/desarrollo/wildfly-10.1.0.Final/modules/system/layers/base/javax/servlet/api/main/jboss-servlet-api_3.1_spec-1.0.0.Final.jar!/:1.0.0.Final]
	at javax.servlet.http.HttpServlet.service(HttpServlet.java:790)[jar:file:/home/desarrollo/wildfly-10.1.0.Final/modules/system/layers/base/javax/servlet/api/main/jboss-servlet-api_3.1_spec-1.0.0.Final.jar!/:1.0.0.Final]
	at io.undertow.server.handlers.PredicateHandler.handleRequest(PredicateHandler.java:43)[jar:file:/home/desarrollo/wildfly-10.1.0.Final/modules/system/layers/base/io/undertow/core/main/undertow-core-1.4.0.Final.jar!/:1.4.0.Final]
	at io.undertow.servlet.handlers.ServletInitialHandler.handleFirstRequest(ServletInitialHandler.java:292)[jar:file:/home/desarrollo/wildfly-10.1.0.Final/modules/system/layers/base/io/undertow/servlet/main/undertow-servlet-1.4.0.Final.jar!/:1.4.0.Final]
	at io.undertow.servlet.handlers.ServletInitialHandler.access$100(ServletInitialHandler.java:81)[jar:file:/home/desarrollo/wildfly-10.1.0.Final/modules/system/layers/base/io/undertow/servlet/main/undertow-servlet-1.4.0.Final.jar!/:1.4.0.Final]
	','743','525',null,'2',null,'2','DNI','20180000486',to_date('16/11/18','DD/MM/RR'),to_date('17/11/18','DD/MM/RR'),'2','APN04',to_date('25/11/18','DD/MM/RR'),to_date('20/11/18','DD/MM/RR'),'12','3');
Insert into MTOBJ.TX_TRAMISIONES (TIPO,TIENE_INCIDENTE,TIPO_INCIDENTE,ENTIDAD_ID,SIGLA_ENTIDAD,TIPO_MENSAJE,NOM_MENSAJE,ERROR,VC_ID,VE_ID,NOM_ESTADO_VC,ESTADO_VE,NOM_ESTADO_VE,TIPO_DOC,NOM_DOC,NUM_DOC,FECHA_REGISTRO_SALIDA,FECHA_ACTUALIZACION_SALIDA,ANTIGUEDAD_SALIDA,FORMATO,FECHA_REGISTRO_ENTRADA,FECHA_ACTUALIZACION_ENTRADA,ANTIGUEDAD_ENTRADA,ESTADO_VC) values ('2','1','5','1','APN','N1','ENVIO OBSERVACIONES','java.lang.NullPointerException
	at ws.crossnet.apn.presentacion.adm.beans.SessionServlet.processRequest(SessionServlet.java:42)[vfs:/content/apn-presentacion-adm-1.0.war/WEB-INF/classes:]
	at ws.crossnet.apn.presentacion.adm.beans.SessionServlet.doGet(SessionServlet.java:66)[vfs:/content/apn-presentacion-adm-1.0.war/WEB-INF/classes:]
	at javax.servlet.http.HttpServlet.service(HttpServlet.java:687)[jar:file:/home/desarrollo/wildfly-10.1.0.Final/modules/system/layers/base/javax/servlet/api/main/jboss-servlet-api_3.1_spec-1.0.0.Final.jar!/:1.0.0.Final]
	at javax.servlet.http.HttpServlet.service(HttpServlet.java:790)[jar:file:/home/desarrollo/wildfly-10.1.0.Final/modules/system/layers/base/javax/servlet/api/main/jboss-servlet-api_3.1_spec-1.0.0.Final.jar!/:1.0.0.Final]
	at io.undertow.server.handlers.PredicateHandler.handleRequest(PredicateHandler.java:43)[jar:file:/home/desarrollo/wildfly-10.1.0.Final/modules/system/layers/base/io/undertow/core/main/undertow-core-1.4.0.Final.jar!/:1.4.0.Final]
	at io.undertow.servlet.handlers.ServletInitialHandler.handleFirstRequest(ServletInitialHandler.java:292)[jar:file:/home/desarrollo/wildfly-10.1.0.Final/modules/system/layers/base/io/undertow/servlet/main/undertow-servlet-1.4.0.Final.jar!/:1.4.0.Final]
	at io.undertow.servlet.handlers.ServletInitialHandler.access$100(ServletInitialHandler.java:81)[jar:file:/home/desarrollo/wildfly-10.1.0.Final/modules/system/layers/base/io/undertow/servlet/main/undertow-servlet-1.4.0.Final.jar!/:1.4.0.Final]
	','897','345',null,'2',null,'1','DNI','20180000645',to_date('16/11/18','DD/MM/RR'),to_date('17/11/18','DD/MM/RR'),'2','APN02',to_date('25/11/18','DD/MM/RR'),to_date('20/11/18','DD/MM/RR'),'2','3');
Insert into MTOBJ.TX_TRAMISIONES (TIPO,TIENE_INCIDENTE,TIPO_INCIDENTE,ENTIDAD_ID,SIGLA_ENTIDAD,TIPO_MENSAJE,NOM_MENSAJE,ERROR,VC_ID,VE_ID,NOM_ESTADO_VC,ESTADO_VE,NOM_ESTADO_VE,TIPO_DOC,NOM_DOC,NUM_DOC,FECHA_REGISTRO_SALIDA,FECHA_ACTUALIZACION_SALIDA,ANTIGUEDAD_SALIDA,FORMATO,FECHA_REGISTRO_ENTRADA,FECHA_ACTUALIZACION_ENTRADA,ANTIGUEDAD_ENTRADA,ESTADO_VC) values ('2','1','2','1','APN','N1','ENVIO OBSERVACIONES','java.lang.NullPointerException
	at ws.crossnet.apn.presentacion.adm.beans.SessionServlet.processRequest(SessionServlet.java:42)[vfs:/content/apn-presentacion-adm-1.0.war/WEB-INF/classes:]
	at ws.crossnet.apn.presentacion.adm.beans.SessionServlet.doGet(SessionServlet.java:66)[vfs:/content/apn-presentacion-adm-1.0.war/WEB-INF/classes:]
	at javax.servlet.http.HttpServlet.service(HttpServlet.java:687)[jar:file:/home/desarrollo/wildfly-10.1.0.Final/modules/system/layers/base/javax/servlet/api/main/jboss-servlet-api_3.1_spec-1.0.0.Final.jar!/:1.0.0.Final]
	at javax.servlet.http.HttpServlet.service(HttpServlet.java:790)[jar:file:/home/desarrollo/wildfly-10.1.0.Final/modules/system/layers/base/javax/servlet/api/main/jboss-servlet-api_3.1_spec-1.0.0.Final.jar!/:1.0.0.Final]
	at io.undertow.server.handlers.PredicateHandler.handleRequest(PredicateHandler.java:43)[jar:file:/home/desarrollo/wildfly-10.1.0.Final/modules/system/layers/base/io/undertow/core/main/undertow-core-1.4.0.Final.jar!/:1.4.0.Final]
	at io.undertow.servlet.handlers.ServletInitialHandler.handleFirstRequest(ServletInitialHandler.java:292)[jar:file:/home/desarrollo/wildfly-10.1.0.Final/modules/system/layers/base/io/undertow/servlet/main/undertow-servlet-1.4.0.Final.jar!/:1.4.0.Final]
	at io.undertow.servlet.handlers.ServletInitialHandler.access$100(ServletInitialHandler.java:81)[jar:file:/home/desarrollo/wildfly-10.1.0.Final/modules/system/layers/base/io/undertow/servlet/main/undertow-servlet-1.4.0.Final.jar!/:1.4.0.Final]
	','789','631',null,'2',null,'1','DNI','20180000125',to_date('16/11/18','DD/MM/RR'),to_date('17/11/18','DD/MM/RR'),'9','APN04',to_date('25/11/18','DD/MM/RR'),to_date('20/11/18','DD/MM/RR'),'7','3');
Insert into MTOBJ.TX_TRAMISIONES (TIPO,TIENE_INCIDENTE,TIPO_INCIDENTE,ENTIDAD_ID,SIGLA_ENTIDAD,TIPO_MENSAJE,NOM_MENSAJE,ERROR,VC_ID,VE_ID,NOM_ESTADO_VC,ESTADO_VE,NOM_ESTADO_VE,TIPO_DOC,NOM_DOC,NUM_DOC,FECHA_REGISTRO_SALIDA,FECHA_ACTUALIZACION_SALIDA,ANTIGUEDAD_SALIDA,FORMATO,FECHA_REGISTRO_ENTRADA,FECHA_ACTUALIZACION_ENTRADA,ANTIGUEDAD_ENTRADA,ESTADO_VC) values ('1','1','3','1','APN','N1','REGISTRO SOLICITUD','java.lang.NullPointerException
	at ws.crossnet.apn.presentacion.adm.beans.SessionServlet.processRequest(SessionServlet.java:42)[vfs:/content/apn-presentacion-adm-1.0.war/WEB-INF/classes:]
	at ws.crossnet.apn.presentacion.adm.beans.SessionServlet.doGet(SessionServlet.java:66)[vfs:/content/apn-presentacion-adm-1.0.war/WEB-INF/classes:]
	at javax.servlet.http.HttpServlet.service(HttpServlet.java:687)[jar:file:/home/desarrollo/wildfly-10.1.0.Final/modules/system/layers/base/javax/servlet/api/main/jboss-servlet-api_3.1_spec-1.0.0.Final.jar!/:1.0.0.Final]
	at javax.servlet.http.HttpServlet.service(HttpServlet.java:790)[jar:file:/home/desarrollo/wildfly-10.1.0.Final/modules/system/layers/base/javax/servlet/api/main/jboss-servlet-api_3.1_spec-1.0.0.Final.jar!/:1.0.0.Final]
	at io.undertow.server.handlers.PredicateHandler.handleRequest(PredicateHandler.java:43)[jar:file:/home/desarrollo/wildfly-10.1.0.Final/modules/system/layers/base/io/undertow/core/main/undertow-core-1.4.0.Final.jar!/:1.4.0.Final]
	at io.undertow.servlet.handlers.ServletInitialHandler.handleFirstRequest(ServletInitialHandler.java:292)[jar:file:/home/desarrollo/wildfly-10.1.0.Final/modules/system/layers/base/io/undertow/servlet/main/undertow-servlet-1.4.0.Final.jar!/:1.4.0.Final]
	at io.undertow.servlet.handlers.ServletInitialHandler.access$100(ServletInitialHandler.java:81)[jar:file:/home/desarrollo/wildfly-10.1.0.Final/modules/system/layers/base/io/undertow/servlet/main/undertow-servlet-1.4.0.Final.jar!/:1.4.0.Final]
	','465','789',null,'2',null,'1','DNI','20180000124',to_date('16/11/18','DD/MM/RR'),to_date('17/11/18','DD/MM/RR'),'2','APN02',to_date('25/11/18','DD/MM/RR'),to_date('20/11/18','DD/MM/RR'),'2','3');
Insert into MTOBJ.TX_TRAMISIONES (TIPO,TIENE_INCIDENTE,TIPO_INCIDENTE,ENTIDAD_ID,SIGLA_ENTIDAD,TIPO_MENSAJE,NOM_MENSAJE,ERROR,VC_ID,VE_ID,NOM_ESTADO_VC,ESTADO_VE,NOM_ESTADO_VE,TIPO_DOC,NOM_DOC,NUM_DOC,FECHA_REGISTRO_SALIDA,FECHA_ACTUALIZACION_SALIDA,ANTIGUEDAD_SALIDA,FORMATO,FECHA_REGISTRO_ENTRADA,FECHA_ACTUALIZACION_ENTRADA,ANTIGUEDAD_ENTRADA,ESTADO_VC) values ('1','1','4','1','SENASA','N18','REGISTRO SOLICITUD','java.lang.NullPointerException
	at ws.crossnet.apn.presentacion.adm.beans.SessionServlet.processRequest(SessionServlet.java:42)[vfs:/content/apn-presentacion-adm-1.0.war/WEB-INF/classes:]
	at ws.crossnet.apn.presentacion.adm.beans.SessionServlet.doGet(SessionServlet.java:66)[vfs:/content/apn-presentacion-adm-1.0.war/WEB-INF/classes:]
	at javax.servlet.http.HttpServlet.service(HttpServlet.java:687)[jar:file:/home/desarrollo/wildfly-10.1.0.Final/modules/system/layers/base/javax/servlet/api/main/jboss-servlet-api_3.1_spec-1.0.0.Final.jar!/:1.0.0.Final]
	at javax.servlet.http.HttpServlet.service(HttpServlet.java:790)[jar:file:/home/desarrollo/wildfly-10.1.0.Final/modules/system/layers/base/javax/servlet/api/main/jboss-servlet-api_3.1_spec-1.0.0.Final.jar!/:1.0.0.Final]
	at io.undertow.server.handlers.PredicateHandler.handleRequest(PredicateHandler.java:43)[jar:file:/home/desarrollo/wildfly-10.1.0.Final/modules/system/layers/base/io/undertow/core/main/undertow-core-1.4.0.Final.jar!/:1.4.0.Final]
	at io.undertow.servlet.handlers.ServletInitialHandler.handleFirstRequest(ServletInitialHandler.java:292)[jar:file:/home/desarrollo/wildfly-10.1.0.Final/modules/system/layers/base/io/undertow/servlet/main/undertow-servlet-1.4.0.Final.jar!/:1.4.0.Final]
	at io.undertow.servlet.handlers.ServletInitialHandler.access$100(ServletInitialHandler.java:81)[jar:file:/home/desarrollo/wildfly-10.1.0.Final/modules/system/layers/base/io/undertow/servlet/main/undertow-servlet-1.4.0.Final.jar!/:1.4.0.Final]
	','867','528',null,'2',null,'1','DNI','20180000532',to_date('16/11/18','DD/MM/RR'),to_date('17/11/18','DD/MM/RR'),'2','APN02',to_date('25/11/18','DD/MM/RR'),to_date('20/11/18','DD/MM/RR'),'2','3');
REM INSERTING into MTOBJ.USUARIO
SET DEFINE OFF;
Insert into MTOBJ.USUARIO (NOMBRE_USUARIO,ID_ENTIDAD) values ('WSAPN','75');
Insert into MTOBJ.USUARIO (NOMBRE_USUARIO,ID_ENTIDAD) values ('WSSENASA','70');
--------------------------------------------------------
--  DDL for Index CONFIGURACION_PK
--------------------------------------------------------

  CREATE UNIQUE INDEX "MTOBJ"."CONFIGURACION_PK" ON "MTOBJ"."CONFIGURACION" ("LLAVE") 
  PCTFREE 10 INITRANS 2 MAXTRANS 255 COMPUTE STATISTICS 
  STORAGE(INITIAL 65536 NEXT 1048576 MINEXTENTS 1 MAXEXTENTS 2147483645
  PCTINCREASE 0 FREELISTS 1 FREELIST GROUPS 1 BUFFER_POOL DEFAULT FLASH_CACHE DEFAULT CELL_FLASH_CACHE DEFAULT)
  TABLESPACE "MT_DAT" ;
--------------------------------------------------------
--  DDL for Index PERIODO_MONITOREO_PK
--------------------------------------------------------

  CREATE UNIQUE INDEX "MTOBJ"."PERIODO_MONITOREO_PK" ON "MTOBJ"."PERIODO_MONITOREO" ("HORA") 
  PCTFREE 10 INITRANS 2 MAXTRANS 255 COMPUTE STATISTICS 
  STORAGE(INITIAL 65536 NEXT 1048576 MINEXTENTS 1 MAXEXTENTS 2147483645
  PCTINCREASE 0 FREELISTS 1 FREELIST GROUPS 1 BUFFER_POOL DEFAULT FLASH_CACHE DEFAULT CELL_FLASH_CACHE DEFAULT)
  TABLESPACE "MT_DAT" ;
--------------------------------------------------------
--  DDL for Index TX_CON_INCIDENTE_PK
--------------------------------------------------------

  CREATE UNIQUE INDEX "MTOBJ"."TX_CON_INCIDENTE_PK" ON "MTOBJ"."TX_CON_INCIDENTE" ("COD_ENTIDAD") 
  PCTFREE 10 INITRANS 2 MAXTRANS 255 COMPUTE STATISTICS 
  STORAGE(INITIAL 65536 NEXT 1048576 MINEXTENTS 1 MAXEXTENTS 2147483645
  PCTINCREASE 0 FREELISTS 1 FREELIST GROUPS 1 BUFFER_POOL DEFAULT FLASH_CACHE DEFAULT CELL_FLASH_CACHE DEFAULT)
  TABLESPACE "MT_DAT" ;
--------------------------------------------------------
--  DDL for Index TIPOMENSAJE_PK
--------------------------------------------------------

  CREATE UNIQUE INDEX "MTOBJ"."TIPOMENSAJE_PK" ON "MTOBJ"."TIPOMENSAJE" ("CODIGO") 
  PCTFREE 10 INITRANS 2 MAXTRANS 255 COMPUTE STATISTICS 
  STORAGE(INITIAL 65536 NEXT 1048576 MINEXTENTS 1 MAXEXTENTS 2147483645
  PCTINCREASE 0 FREELISTS 1 FREELIST GROUPS 1 BUFFER_POOL DEFAULT FLASH_CACHE DEFAULT CELL_FLASH_CACHE DEFAULT)
  TABLESPACE "MT_DAT" ;
--------------------------------------------------------
--  DDL for Index USUARIO_PK
--------------------------------------------------------

  CREATE UNIQUE INDEX "MTOBJ"."USUARIO_PK" ON "MTOBJ"."USUARIO" ("NOMBRE_USUARIO") 
  PCTFREE 10 INITRANS 2 MAXTRANS 255 COMPUTE STATISTICS 
  STORAGE(INITIAL 65536 NEXT 1048576 MINEXTENTS 1 MAXEXTENTS 2147483645
  PCTINCREASE 0 FREELISTS 1 FREELIST GROUPS 1 BUFFER_POOL DEFAULT FLASH_CACHE DEFAULT CELL_FLASH_CACHE DEFAULT)
  TABLESPACE "MT_DAT" ;
--------------------------------------------------------
--  DDL for Index ENTIDADMANTENIMIENTO_PK
--------------------------------------------------------

  CREATE UNIQUE INDEX "MTOBJ"."ENTIDADMANTENIMIENTO_PK" ON "MTOBJ"."ENTIDADMANTENIMIENTO" ("ID_ENTIDAD_MANTENIMIENTO") 
  PCTFREE 10 INITRANS 2 MAXTRANS 255 COMPUTE STATISTICS 
  STORAGE(INITIAL 65536 NEXT 1048576 MINEXTENTS 1 MAXEXTENTS 2147483645
  PCTINCREASE 0 FREELISTS 1 FREELIST GROUPS 1 BUFFER_POOL DEFAULT FLASH_CACHE DEFAULT CELL_FLASH_CACHE DEFAULT)
  TABLESPACE "MT_DAT" ;
--------------------------------------------------------
--  DDL for Index NOTIFICACION_PK
--------------------------------------------------------

  CREATE UNIQUE INDEX "MTOBJ"."NOTIFICACION_PK" ON "MTOBJ"."TRANSMISION_ENTRADA" ("VE_ID", "ID_ENTIDAD") 
  PCTFREE 10 INITRANS 2 MAXTRANS 255 COMPUTE STATISTICS 
  STORAGE(INITIAL 65536 NEXT 1048576 MINEXTENTS 1 MAXEXTENTS 2147483645
  PCTINCREASE 0 FREELISTS 1 FREELIST GROUPS 1 BUFFER_POOL DEFAULT FLASH_CACHE DEFAULT CELL_FLASH_CACHE DEFAULT)
  TABLESPACE "MT_DAT" ;
--------------------------------------------------------
--  DDL for Index ENTIDAD_PK
--------------------------------------------------------

  CREATE UNIQUE INDEX "MTOBJ"."ENTIDAD_PK" ON "MTOBJ"."ENTIDAD" ("ID_ENTIDAD") 
  PCTFREE 10 INITRANS 2 MAXTRANS 255 COMPUTE STATISTICS 
  STORAGE(INITIAL 65536 NEXT 1048576 MINEXTENTS 1 MAXEXTENTS 2147483645
  PCTINCREASE 0 FREELISTS 1 FREELIST GROUPS 1 BUFFER_POOL DEFAULT FLASH_CACHE DEFAULT CELL_FLASH_CACHE DEFAULT)
  TABLESPACE "MT_DAT" ;
--------------------------------------------------------
--  DDL for Index TRANSACCION_PK
--------------------------------------------------------

  CREATE UNIQUE INDEX "MTOBJ"."TRANSACCION_PK" ON "MTOBJ"."TRANSACCION" ("ID_TRANSMISION") 
  PCTFREE 10 INITRANS 2 MAXTRANS 255 COMPUTE STATISTICS 
  STORAGE(INITIAL 65536 NEXT 1048576 MINEXTENTS 1 MAXEXTENTS 2147483645
  PCTINCREASE 0 FREELISTS 1 FREELIST GROUPS 1 BUFFER_POOL DEFAULT FLASH_CACHE DEFAULT CELL_FLASH_CACHE DEFAULT)
  TABLESPACE "MT_DAT" ;
--------------------------------------------------------
--  DDL for Index SOLICITUDENTIDAD_PK
--------------------------------------------------------

  CREATE UNIQUE INDEX "MTOBJ"."SOLICITUDENTIDAD_PK" ON "MTOBJ"."TRANSMISION_SALIDA" ("ID_MENSAJE") 
  PCTFREE 10 INITRANS 2 MAXTRANS 255 COMPUTE STATISTICS 
  STORAGE(INITIAL 65536 NEXT 1048576 MINEXTENTS 1 MAXEXTENTS 2147483645
  PCTINCREASE 0 FREELISTS 1 FREELIST GROUPS 1 BUFFER_POOL DEFAULT FLASH_CACHE DEFAULT CELL_FLASH_CACHE DEFAULT)
  TABLESPACE "MT_DAT" ;
--------------------------------------------------------
--  DDL for Index TX_ENTIDAD_PK
--------------------------------------------------------

  CREATE UNIQUE INDEX "MTOBJ"."TX_ENTIDAD_PK" ON "MTOBJ"."TX_ENTIDAD" ("ID_ENTIDAD") 
  PCTFREE 10 INITRANS 2 MAXTRANS 255 COMPUTE STATISTICS 
  STORAGE(INITIAL 65536 NEXT 1048576 MINEXTENTS 1 MAXEXTENTS 2147483645
  PCTINCREASE 0 FREELISTS 1 FREELIST GROUPS 1 BUFFER_POOL DEFAULT FLASH_CACHE DEFAULT CELL_FLASH_CACHE DEFAULT)
  TABLESPACE "SYSTEM" ;
--------------------------------------------------------
--  DDL for Index RECEPCIONTRANSACCION_PK
--------------------------------------------------------

  CREATE UNIQUE INDEX "MTOBJ"."RECEPCIONTRANSACCION_PK" ON "MTOBJ"."RECEPCIONTRANSACCION" ("ID_TRANSMISION") 
  PCTFREE 10 INITRANS 2 MAXTRANS 255 COMPUTE STATISTICS 
  STORAGE(INITIAL 65536 NEXT 1048576 MINEXTENTS 1 MAXEXTENTS 2147483645
  PCTINCREASE 0 FREELISTS 1 FREELIST GROUPS 1 BUFFER_POOL DEFAULT FLASH_CACHE DEFAULT CELL_FLASH_CACHE DEFAULT)
  TABLESPACE "MT_DAT" ;
--------------------------------------------------------
--  DDL for Index TX_PARAMETRO_PK
--------------------------------------------------------

  CREATE UNIQUE INDEX "MTOBJ"."TX_PARAMETRO_PK" ON "MTOBJ"."TX_PARAMETRO" ("CODIGO") 
  PCTFREE 10 INITRANS 2 MAXTRANS 255 COMPUTE STATISTICS 
  STORAGE(INITIAL 65536 NEXT 1048576 MINEXTENTS 1 MAXEXTENTS 2147483645
  PCTINCREASE 0 FREELISTS 1 FREELIST GROUPS 1 BUFFER_POOL DEFAULT FLASH_CACHE DEFAULT CELL_FLASH_CACHE DEFAULT)
  TABLESPACE "SYSTEM" ;
--------------------------------------------------------
--  DDL for Procedure HABILITAR_TRANSMISIONES
--------------------------------------------------------
set define off;

  CREATE OR REPLACE PROCEDURE "MTOBJ"."HABILITAR_TRANSMISIONES" 
(
  VE_ID IN NUMBER 
, RESULTADO_VALOR OUT NUMBER 
, RESULTADO_MENSAJE OUT VARCHAR2 
) AS 
BEGIN
   RESULTADO_VALOR := 0;
  RESULTADO_MENSAJE := 'la transmisión ' || VE_ID || ' fue habilitada correctamente';
END HABILITAR_TRANSMISIONES;




/
--------------------------------------------------------
--  DDL for Package PROYECTO_BUS
--------------------------------------------------------

  CREATE OR REPLACE PACKAGE "MTOBJ"."PROYECTO_BUS" AS 

TYPE cur_Tabla IS REF CURSOR;

PROCEDURE filtrar_transmisiones (
		codigo_entidad	IN	VARCHAR2,
		fecha_inicio	IN	DATE,
		fecha_fin		IN	DATE,
		tipo_mensaje	IN	VARCHAR2,
		tipo_documento	IN	VARCHAR2,
		numero_documento	IN	VARCHAR2,
		tipo_transmision	IN	NUMBER,
		tipo_incidente	IN	VARCHAR2,
		estado_vc		IN	VARCHAR2,
		estado_ve		IN	VARCHAR2,
		vc_id			IN	VARCHAR2,
		ve_id			IN	VARCHAR2,
		tCursor		OUT cur_Tabla
	);

FUNCTION obtener_tx_con_incidentes (
    fecha_inicio   IN DATE,
    fecha_fin      IN DATE
  ) RETURN SYS_REFCURSOR;




  PROCEDURE reenviar_tx_salida_con_error  (
    vc_id		    IN	NUMBER,
    vc_transaccion    IN	VARCHAR2,
    ve_id		    IN	NUMBER,
    ve_transaccion    IN	VARCHAR2,
    resultado_valor		OUT NUMBER,
    resultado_mensaje	OUT VARCHAR2
	);



PROCEDURE reproc_tx_entrada_con_error  (
    vc_id			IN	NUMBER,
    vc_transaccion      IN	VARCHAR2,
    ve_id		       IN	NUMBER,
    ve_transaccion      IN	VARCHAR2,
    resultado_valor     OUT NUMBER,
    resultado_mensaje   OUT VARCHAR2
	);

PROCEDURE anular_tx_entrada_con_error  (
    vc_id_in	IN	NUMBER,
    vc_transaccion     IN	VARCHAR2,
    ve_id_in		IN	NUMBER,
    ve_transaccion      IN	VARCHAR2,
    resultado_valor	 OUT NUMBER,
    resultado_mensaje	 OUT VARCHAR2
  );


 PROCEDURE actualizar_config_monitoreo (
		id_entidad		IN NUMBER,
		correo_soporte	IN  VARCHAR2,
		sla_nombre		IN VARCHAR2,
		sla_valor		IN NUMBER,
		estado		IN  VARCHAR2
  );  

  PROCEDURE detener_transmisiones  (
		entidad_id		IN	NUMBER,
        fecha_inicio	IN	DATE,
		fecha_fin		IN	DATE,
		resultado_valor	OUT NUMBER,
		resultado_mensaje	OUT VARCHAR2
  );

   PROCEDURE REPROC_TX_ENTRADA_N8_CON_ERROR  (
		entidad_id		IN	NUMBER,
        fecha_inicio	IN	DATE,
		fecha_fin		IN	DATE,
		resultado_valor	OUT NUMBER,
		resultado_mensaje	OUT VARCHAR2
  );

   PROCEDURE habilitar_transmisiones  (
		ve_id			IN	NUMBER,
		resultado_valor	OUT NUMBER,
		resultado_mensaje	OUT VARCHAR2
	); 


   PROCEDURE obtener_config_monitoreo  (
		entidad_id		IN	NUMBER DEFAULT 0 ,
		tCursor		OUT cur_Tabla
   );




END PROYECTO_BUS;

/
--------------------------------------------------------
--  DDL for Package Body PROYECTO_BUS
--------------------------------------------------------

  CREATE OR REPLACE PACKAGE BODY "MTOBJ"."PROYECTO_BUS" AS 


PROCEDURE filtrar_transmisiones (
		codigo_entidad	IN	VARCHAR2,
		fecha_inicio	IN	DATE,
		fecha_fin		IN	DATE,
		tipo_mensaje	IN	VARCHAR2,
		tipo_documento	IN	VARCHAR2,
		numero_documento	IN	VARCHAR2,
		tipo_transmision	IN	NUMBER,
		tipo_incidente	IN	VARCHAR2,
		estado_vc		IN	VARCHAR2,
		estado_ve		IN	VARCHAR2,
		vc_id			IN	VARCHAR2,
		ve_id			IN	VARCHAR2,
		tCursor		OUT cur_Tabla
	) AS 
 TYPE cur_Tabla IS REF CURSOR;    

BEGIN

  OPEN tCursor FOR
  SELECT * FROM TX_TRAMISIONES;


END filtrar_transmisiones;


FUNCTION obtener_tx_con_incidentes (
    fecha_inicio   IN DATE,
    fecha_fin      IN DATE
  )
  RETURN SYS_REFCURSOR
AS
  resp_cursor SYS_REFCURSOR;
BEGIN
  OPEN resp_cursor FOR SELECT * FROM TX_CON_INCIDENTE;
  RETURN resp_cursor;
END obtener_tx_con_incidentes;



PROCEDURE REENVIAR_TX_SALIDA_CON_ERROR 
(
  VC_ID IN NUMBER 
, VC_TRANSACCION IN VARCHAR2 
, VE_ID IN NUMBER 
, VE_TRANSACCION IN VARCHAR2 
, RESULTADO_VALOR OUT NUMBER 
, RESULTADO_MENSAJE OUT VARCHAR2 
) AS 
BEGIN
  RESULTADO_VALOR := 0;
  RESULTADO_MENSAJE := 'la transmisión ' || VC_ID ||  ' fue reenviada correctamente';

END REENVIAR_TX_SALIDA_CON_ERROR;




PROCEDURE reproc_tx_entrada_con_error  (
    vc_id			IN	NUMBER,
    vc_transaccion      IN	VARCHAR2,
    ve_id		       IN	NUMBER,
    ve_transaccion      IN	VARCHAR2,
    resultado_valor     OUT NUMBER,
    resultado_mensaje   OUT VARCHAR2
	)AS 
BEGIN
  RESULTADO_VALOR := 0;
  RESULTADO_MENSAJE := 'la transmisión ' || vc_id ||  ' fue reeprocesada correctamente';

END reproc_tx_entrada_con_error;


PROCEDURE anular_tx_entrada_con_error  (
    vc_id_in	IN	NUMBER,
    vc_transaccion     IN	VARCHAR2,
    ve_id_in		IN	NUMBER,
    ve_transaccion      IN	VARCHAR2,
    resultado_valor	 OUT NUMBER,
    resultado_mensaje	 OUT VARCHAR2
  )AS 
BEGIN
  RESULTADO_VALOR := 0;
  RESULTADO_MENSAJE := 'la transmisión ' || vc_id_in ||  ' fue anulada correctamente';

END anular_tx_entrada_con_error;

PROCEDURE actualizar_config_monitoreo (
		id_entidad		IN NUMBER,
		correo_soporte	IN  VARCHAR2,
		sla_nombre		IN VARCHAR2,
		sla_valor		IN NUMBER,
		estado		IN  VARCHAR2
  )AS 
  RESULTADO_VALOR   VARCHAR2(50);
BEGIN

RESULTADO_VALOR := 'test';

END actualizar_config_monitoreo;

      PROCEDURE detener_transmisiones  (
		entidad_id		IN	NUMBER,
        fecha_inicio	IN	DATE,
		fecha_fin		IN	DATE,
		resultado_valor	OUT NUMBER,
		resultado_mensaje	OUT VARCHAR2
  )AS 
BEGIN
  RESULTADO_VALOR := 0;
  RESULTADO_MENSAJE := 'se detuvo la tramision de la entidad ' || entidad_id || '  correctamente';

END detener_transmisiones;


     PROCEDURE REPROC_TX_ENTRADA_N8_CON_ERROR  (
		entidad_id		IN	NUMBER,
        fecha_inicio	IN	DATE,
		fecha_fin		IN	DATE,
		resultado_valor	OUT NUMBER,
		resultado_mensaje	OUT VARCHAR2
  )AS 
BEGIN
  RESULTADO_VALOR := 0;
  RESULTADO_MENSAJE := 'se reproceso la tramision entrada N8 de la entidad ' || entidad_id || '  correctamente';

END REPROC_TX_ENTRADA_N8_CON_ERROR;




  PROCEDURE habilitar_transmisiones  (
		ve_id			IN	NUMBER,
		resultado_valor	OUT NUMBER,
		resultado_mensaje	OUT VARCHAR2
	)AS 
BEGIN
   RESULTADO_VALOR := 0;
  RESULTADO_MENSAJE := 'la transmisión ' || VE_ID || ' fue habilitada correctamente';
END HABILITAR_TRANSMISIONES; 


PROCEDURE obtener_config_monitoreo  (
		entidad_id		IN	NUMBER DEFAULT 0 ,
		tCursor		OUT cur_Tabla
  )
 AS 
 TYPE cur_Tabla IS REF CURSOR;    

BEGIN

  OPEN tCursor FOR
  SELECT * FROM TX_CONFIGURACION_MONI;


END obtener_config_monitoreo;




END PROYECTO_BUS;

/
--------------------------------------------------------
--  Constraints for Table PERIODO_MONITOREO
--------------------------------------------------------

  ALTER TABLE "MTOBJ"."PERIODO_MONITOREO" ADD CONSTRAINT "PERIODO_MONITOREO_PK" PRIMARY KEY ("HORA")
  USING INDEX PCTFREE 10 INITRANS 2 MAXTRANS 255 COMPUTE STATISTICS 
  STORAGE(INITIAL 65536 NEXT 1048576 MINEXTENTS 1 MAXEXTENTS 2147483645
  PCTINCREASE 0 FREELISTS 1 FREELIST GROUPS 1 BUFFER_POOL DEFAULT FLASH_CACHE DEFAULT CELL_FLASH_CACHE DEFAULT)
  TABLESPACE "MT_DAT"  ENABLE;
  ALTER TABLE "MTOBJ"."PERIODO_MONITOREO" MODIFY ("HORA" NOT NULL ENABLE);
--------------------------------------------------------
--  Constraints for Table RECEPCIONTRANSACCION
--------------------------------------------------------

  ALTER TABLE "MTOBJ"."RECEPCIONTRANSACCION" ADD CONSTRAINT "RECEPCIONTRANSACCION_PK" PRIMARY KEY ("ID_TRANSMISION")
  USING INDEX PCTFREE 10 INITRANS 2 MAXTRANS 255 COMPUTE STATISTICS 
  STORAGE(INITIAL 65536 NEXT 1048576 MINEXTENTS 1 MAXEXTENTS 2147483645
  PCTINCREASE 0 FREELISTS 1 FREELIST GROUPS 1 BUFFER_POOL DEFAULT FLASH_CACHE DEFAULT CELL_FLASH_CACHE DEFAULT)
  TABLESPACE "MT_DAT"  ENABLE;
  ALTER TABLE "MTOBJ"."RECEPCIONTRANSACCION" MODIFY ("ID_MENSAJE" NOT NULL ENABLE);
  ALTER TABLE "MTOBJ"."RECEPCIONTRANSACCION" MODIFY ("ERROR" NOT NULL ENABLE);
  ALTER TABLE "MTOBJ"."RECEPCIONTRANSACCION" MODIFY ("ID_TRANSMISION" NOT NULL ENABLE);
--------------------------------------------------------
--  Constraints for Table TX_ENTIDAD
--------------------------------------------------------

  ALTER TABLE "MTOBJ"."TX_ENTIDAD" MODIFY ("DESCRIPCION" NOT NULL ENABLE);
  ALTER TABLE "MTOBJ"."TX_ENTIDAD" MODIFY ("COLOR" NOT NULL ENABLE);
  ALTER TABLE "MTOBJ"."TX_ENTIDAD" MODIFY ("ESTADO" NOT NULL ENABLE);
  ALTER TABLE "MTOBJ"."TX_ENTIDAD" MODIFY ("ID_ENTIDAD" NOT NULL ENABLE);
  ALTER TABLE "MTOBJ"."TX_ENTIDAD" ADD CONSTRAINT "TX_ENTIDAD_PK" PRIMARY KEY ("ID_ENTIDAD")
  USING INDEX PCTFREE 10 INITRANS 2 MAXTRANS 255 COMPUTE STATISTICS 
  STORAGE(INITIAL 65536 NEXT 1048576 MINEXTENTS 1 MAXEXTENTS 2147483645
  PCTINCREASE 0 FREELISTS 1 FREELIST GROUPS 1 BUFFER_POOL DEFAULT FLASH_CACHE DEFAULT CELL_FLASH_CACHE DEFAULT)
  TABLESPACE "SYSTEM"  ENABLE;
--------------------------------------------------------
--  Constraints for Table TRANSMISION_ENTRADA
--------------------------------------------------------

  ALTER TABLE "MTOBJ"."TRANSMISION_ENTRADA" ADD CONSTRAINT "TRASMISIONENTRADA_PK" PRIMARY KEY ("VE_ID", "ID_ENTIDAD")
  USING INDEX PCTFREE 10 INITRANS 2 MAXTRANS 255 COMPUTE STATISTICS 
  STORAGE(INITIAL 65536 NEXT 1048576 MINEXTENTS 1 MAXEXTENTS 2147483645
  PCTINCREASE 0 FREELISTS 1 FREELIST GROUPS 1 BUFFER_POOL DEFAULT FLASH_CACHE DEFAULT CELL_FLASH_CACHE DEFAULT)
  TABLESPACE "MT_DAT"  ENABLE;
  ALTER TABLE "MTOBJ"."TRANSMISION_ENTRADA" MODIFY ("FECHA_RECEPCION" NOT NULL ENABLE);
  ALTER TABLE "MTOBJ"."TRANSMISION_ENTRADA" MODIFY ("ID_MENSAJE" NOT NULL ENABLE);
  ALTER TABLE "MTOBJ"."TRANSMISION_ENTRADA" MODIFY ("NUMERO_DOCUMENTO" NOT NULL ENABLE);
  ALTER TABLE "MTOBJ"."TRANSMISION_ENTRADA" MODIFY ("TIPO_DOCUMENTO" NOT NULL ENABLE);
  ALTER TABLE "MTOBJ"."TRANSMISION_ENTRADA" MODIFY ("TIPO_MENSAJE" NOT NULL ENABLE);
  ALTER TABLE "MTOBJ"."TRANSMISION_ENTRADA" MODIFY ("ID_ENTIDAD" NOT NULL ENABLE);
  ALTER TABLE "MTOBJ"."TRANSMISION_ENTRADA" MODIFY ("VE_ID" NOT NULL ENABLE);
--------------------------------------------------------
--  Constraints for Table TRANSACCION
--------------------------------------------------------

  ALTER TABLE "MTOBJ"."TRANSACCION" ADD CONSTRAINT "TRANSACCION_PK" PRIMARY KEY ("ID_TRANSMISION")
  USING INDEX PCTFREE 10 INITRANS 2 MAXTRANS 255 COMPUTE STATISTICS 
  STORAGE(INITIAL 65536 NEXT 1048576 MINEXTENTS 1 MAXEXTENTS 2147483645
  PCTINCREASE 0 FREELISTS 1 FREELIST GROUPS 1 BUFFER_POOL DEFAULT FLASH_CACHE DEFAULT CELL_FLASH_CACHE DEFAULT)
  TABLESPACE "MT_DAT"  ENABLE;
  ALTER TABLE "MTOBJ"."TRANSACCION" MODIFY ("ESTADO" NOT NULL ENABLE);
  ALTER TABLE "MTOBJ"."TRANSACCION" MODIFY ("CANTIDAD_LECTURAS" NOT NULL ENABLE);
  ALTER TABLE "MTOBJ"."TRANSACCION" MODIFY ("ID_TRANSMISION" NOT NULL ENABLE);
  ALTER TABLE "MTOBJ"."TRANSACCION" MODIFY ("NUMERO_DOCUMENTO" NOT NULL ENABLE);
  ALTER TABLE "MTOBJ"."TRANSACCION" MODIFY ("TIPO_DOCUMENTO" NOT NULL ENABLE);
  ALTER TABLE "MTOBJ"."TRANSACCION" MODIFY ("TIPO_MENSAJE" NOT NULL ENABLE);
  ALTER TABLE "MTOBJ"."TRANSACCION" MODIFY ("ID_MENSAJE" NOT NULL ENABLE);
--------------------------------------------------------
--  Constraints for Table USUARIO
--------------------------------------------------------

  ALTER TABLE "MTOBJ"."USUARIO" ADD CONSTRAINT "USUARIO_PK" PRIMARY KEY ("NOMBRE_USUARIO")
  USING INDEX PCTFREE 10 INITRANS 2 MAXTRANS 255 COMPUTE STATISTICS 
  STORAGE(INITIAL 65536 NEXT 1048576 MINEXTENTS 1 MAXEXTENTS 2147483645
  PCTINCREASE 0 FREELISTS 1 FREELIST GROUPS 1 BUFFER_POOL DEFAULT FLASH_CACHE DEFAULT CELL_FLASH_CACHE DEFAULT)
  TABLESPACE "MT_DAT"  ENABLE;
  ALTER TABLE "MTOBJ"."USUARIO" MODIFY ("ID_ENTIDAD" NOT NULL ENABLE);
  ALTER TABLE "MTOBJ"."USUARIO" MODIFY ("NOMBRE_USUARIO" NOT NULL ENABLE);
--------------------------------------------------------
--  Constraints for Table TRANSMISION_SALIDA
--------------------------------------------------------

  ALTER TABLE "MTOBJ"."TRANSMISION_SALIDA" ADD CONSTRAINT "TRANSMISIONSALIDA_PK" PRIMARY KEY ("ID_MENSAJE")
  USING INDEX PCTFREE 10 INITRANS 2 MAXTRANS 255 COMPUTE STATISTICS 
  STORAGE(INITIAL 65536 NEXT 1048576 MINEXTENTS 1 MAXEXTENTS 2147483645
  PCTINCREASE 0 FREELISTS 1 FREELIST GROUPS 1 BUFFER_POOL DEFAULT FLASH_CACHE DEFAULT CELL_FLASH_CACHE DEFAULT)
  TABLESPACE "MT_DAT"  ENABLE;
  ALTER TABLE "MTOBJ"."TRANSMISION_SALIDA" MODIFY ("VERSION" NOT NULL ENABLE);
  ALTER TABLE "MTOBJ"."TRANSMISION_SALIDA" MODIFY ("NOMBRE_USUARIO" NOT NULL ENABLE);
  ALTER TABLE "MTOBJ"."TRANSMISION_SALIDA" MODIFY ("NOMBRE_OPERACION" NOT NULL ENABLE);
  ALTER TABLE "MTOBJ"."TRANSMISION_SALIDA" MODIFY ("DESCRIPCION_FALLA" NOT NULL ENABLE);
  ALTER TABLE "MTOBJ"."TRANSMISION_SALIDA" MODIFY ("HAY_FALLA" NOT NULL ENABLE);
  ALTER TABLE "MTOBJ"."TRANSMISION_SALIDA" MODIFY ("FECHA_HORA_SOLICITUD" NOT NULL ENABLE);
  ALTER TABLE "MTOBJ"."TRANSMISION_SALIDA" MODIFY ("FECHA_HORA_RESPUESTA" NOT NULL ENABLE);
  ALTER TABLE "MTOBJ"."TRANSMISION_SALIDA" MODIFY ("ID_MENSAJE" NOT NULL ENABLE);
--------------------------------------------------------
--  Constraints for Table TX_PARAMETRO
--------------------------------------------------------

  ALTER TABLE "MTOBJ"."TX_PARAMETRO" ADD CONSTRAINT "TX_PARAMETRO_PK" PRIMARY KEY ("CODIGO")
  USING INDEX PCTFREE 10 INITRANS 2 MAXTRANS 255 COMPUTE STATISTICS 
  STORAGE(INITIAL 65536 NEXT 1048576 MINEXTENTS 1 MAXEXTENTS 2147483645
  PCTINCREASE 0 FREELISTS 1 FREELIST GROUPS 1 BUFFER_POOL DEFAULT FLASH_CACHE DEFAULT CELL_FLASH_CACHE DEFAULT)
  TABLESPACE "SYSTEM"  ENABLE;
  ALTER TABLE "MTOBJ"."TX_PARAMETRO" MODIFY ("DESC_PARAMETRO" NOT NULL ENABLE);
  ALTER TABLE "MTOBJ"."TX_PARAMETRO" MODIFY ("VALOR_PARAMETRO" NOT NULL ENABLE);
  ALTER TABLE "MTOBJ"."TX_PARAMETRO" MODIFY ("TIPO_PARAMETRO" NOT NULL ENABLE);
  ALTER TABLE "MTOBJ"."TX_PARAMETRO" MODIFY ("CODIGO" NOT NULL ENABLE);
--------------------------------------------------------
--  Constraints for Table ENTIDADMANTENIMIENTO
--------------------------------------------------------

  ALTER TABLE "MTOBJ"."ENTIDADMANTENIMIENTO" ADD CONSTRAINT "ENTIDADMANTENIMIENTO_PK" PRIMARY KEY ("ID_ENTIDAD_MANTENIMIENTO")
  USING INDEX PCTFREE 10 INITRANS 2 MAXTRANS 255 COMPUTE STATISTICS 
  STORAGE(INITIAL 65536 NEXT 1048576 MINEXTENTS 1 MAXEXTENTS 2147483645
  PCTINCREASE 0 FREELISTS 1 FREELIST GROUPS 1 BUFFER_POOL DEFAULT FLASH_CACHE DEFAULT CELL_FLASH_CACHE DEFAULT)
  TABLESPACE "MT_DAT"  ENABLE;
  ALTER TABLE "MTOBJ"."ENTIDADMANTENIMIENTO" MODIFY ("ID_ENTIDAD_MANTENIMIENTO" NOT NULL ENABLE);
  ALTER TABLE "MTOBJ"."ENTIDADMANTENIMIENTO" MODIFY ("FECHA_FIN" NOT NULL ENABLE);
  ALTER TABLE "MTOBJ"."ENTIDADMANTENIMIENTO" MODIFY ("FECHA_INICIO" NOT NULL ENABLE);
  ALTER TABLE "MTOBJ"."ENTIDADMANTENIMIENTO" MODIFY ("ID_ENTIDAD" NOT NULL ENABLE);
--------------------------------------------------------
--  Constraints for Table ENTIDAD
--------------------------------------------------------

  ALTER TABLE "MTOBJ"."ENTIDAD" ADD CONSTRAINT "ENTIDAD_PK" PRIMARY KEY ("ID_ENTIDAD")
  USING INDEX PCTFREE 10 INITRANS 2 MAXTRANS 255 COMPUTE STATISTICS 
  STORAGE(INITIAL 65536 NEXT 1048576 MINEXTENTS 1 MAXEXTENTS 2147483645
  PCTINCREASE 0 FREELISTS 1 FREELIST GROUPS 1 BUFFER_POOL DEFAULT FLASH_CACHE DEFAULT CELL_FLASH_CACHE DEFAULT)
  TABLESPACE "MT_DAT"  ENABLE;
  ALTER TABLE "MTOBJ"."ENTIDAD" MODIFY ("ID_ENTIDAD" NOT NULL ENABLE);
--------------------------------------------------------
--  Constraints for Table TX_CON_INCIDENTE
--------------------------------------------------------

  ALTER TABLE "MTOBJ"."TX_CON_INCIDENTE" ADD CONSTRAINT "TX_CON_INCIDENTE_PK" PRIMARY KEY ("COD_ENTIDAD")
  USING INDEX PCTFREE 10 INITRANS 2 MAXTRANS 255 COMPUTE STATISTICS 
  STORAGE(INITIAL 65536 NEXT 1048576 MINEXTENTS 1 MAXEXTENTS 2147483645
  PCTINCREASE 0 FREELISTS 1 FREELIST GROUPS 1 BUFFER_POOL DEFAULT FLASH_CACHE DEFAULT CELL_FLASH_CACHE DEFAULT)
  TABLESPACE "MT_DAT"  ENABLE;
  ALTER TABLE "MTOBJ"."TX_CON_INCIDENTE" MODIFY ("SIGLA_ENTIDAD" NOT NULL ENABLE);
  ALTER TABLE "MTOBJ"."TX_CON_INCIDENTE" MODIFY ("COD_ENTIDAD" NOT NULL ENABLE);
--------------------------------------------------------
--  Constraints for Table TIPOMENSAJE
--------------------------------------------------------

  ALTER TABLE "MTOBJ"."TIPOMENSAJE" ADD CONSTRAINT "TIPOMENSAJE_PK" PRIMARY KEY ("CODIGO")
  USING INDEX PCTFREE 10 INITRANS 2 MAXTRANS 255 COMPUTE STATISTICS 
  STORAGE(INITIAL 65536 NEXT 1048576 MINEXTENTS 1 MAXEXTENTS 2147483645
  PCTINCREASE 0 FREELISTS 1 FREELIST GROUPS 1 BUFFER_POOL DEFAULT FLASH_CACHE DEFAULT CELL_FLASH_CACHE DEFAULT)
  TABLESPACE "MT_DAT"  ENABLE;
  ALTER TABLE "MTOBJ"."TIPOMENSAJE" MODIFY ("DESCRIPCION" NOT NULL ENABLE);
  ALTER TABLE "MTOBJ"."TIPOMENSAJE" MODIFY ("CODIGO" NOT NULL ENABLE);
--------------------------------------------------------
--  Constraints for Table CONFIGURACION
--------------------------------------------------------

  ALTER TABLE "MTOBJ"."CONFIGURACION" ADD CONSTRAINT "CONFIGURACION_PK" PRIMARY KEY ("LLAVE")
  USING INDEX PCTFREE 10 INITRANS 2 MAXTRANS 255 COMPUTE STATISTICS 
  STORAGE(INITIAL 65536 NEXT 1048576 MINEXTENTS 1 MAXEXTENTS 2147483645
  PCTINCREASE 0 FREELISTS 1 FREELIST GROUPS 1 BUFFER_POOL DEFAULT FLASH_CACHE DEFAULT CELL_FLASH_CACHE DEFAULT)
  TABLESPACE "MT_DAT"  ENABLE;
  ALTER TABLE "MTOBJ"."CONFIGURACION" MODIFY ("VALOR" NOT NULL ENABLE);
  ALTER TABLE "MTOBJ"."CONFIGURACION" MODIFY ("LLAVE" NOT NULL ENABLE);
--------------------------------------------------------
--  Ref Constraints for Table ENTIDADMANTENIMIENTO
--------------------------------------------------------

  ALTER TABLE "MTOBJ"."ENTIDADMANTENIMIENTO" ADD CONSTRAINT "ENTIDADMANTENIMIENTO_FK" FOREIGN KEY ("ID_ENTIDAD")
	  REFERENCES "MTOBJ"."ENTIDAD" ("ID_ENTIDAD") ON DELETE CASCADE ENABLE;
--------------------------------------------------------
--  Ref Constraints for Table RECEPCIONTRANSACCION
--------------------------------------------------------

  ALTER TABLE "MTOBJ"."RECEPCIONTRANSACCION" ADD CONSTRAINT "RECEPCIONTRANSACCION_FK1" FOREIGN KEY ("ID_MENSAJE")
	  REFERENCES "MTOBJ"."TRANSMISION_SALIDA" ("ID_MENSAJE") ON DELETE CASCADE ENABLE;
--------------------------------------------------------
--  Ref Constraints for Table TRANSACCION
--------------------------------------------------------

  ALTER TABLE "MTOBJ"."TRANSACCION" ADD CONSTRAINT "TRANSACCION_FK1" FOREIGN KEY ("ID_MENSAJE")
	  REFERENCES "MTOBJ"."TRANSMISION_SALIDA" ("ID_MENSAJE") ON DELETE CASCADE ENABLE;
--------------------------------------------------------
--  Ref Constraints for Table TRANSMISION_ENTRADA
--------------------------------------------------------

  ALTER TABLE "MTOBJ"."TRANSMISION_ENTRADA" ADD CONSTRAINT "TRASMISIONENTRADA_FK" FOREIGN KEY ("ID_MENSAJE")
	  REFERENCES "MTOBJ"."TRANSMISION_SALIDA" ("ID_MENSAJE") ON DELETE CASCADE ENABLE;
--------------------------------------------------------
--  Ref Constraints for Table TRANSMISION_SALIDA
--------------------------------------------------------

  ALTER TABLE "MTOBJ"."TRANSMISION_SALIDA" ADD CONSTRAINT "TRANSMISIONSALIDA_FK" FOREIGN KEY ("NOMBRE_USUARIO")
	  REFERENCES "MTOBJ"."USUARIO" ("NOMBRE_USUARIO") ON DELETE CASCADE ENABLE;
--------------------------------------------------------
--  Ref Constraints for Table USUARIO
--------------------------------------------------------

  ALTER TABLE "MTOBJ"."USUARIO" ADD CONSTRAINT "USUARIO_FK1" FOREIGN KEY ("ID_ENTIDAD")
	  REFERENCES "MTOBJ"."ENTIDAD" ("ID_ENTIDAD") ON DELETE CASCADE ENABLE;
